sample_id,scene_type,subscene_type,input_path,input_data,audio_info,language,metadata,scenario,subscenario,capability_chain,task_types,reference_annotation,reference_text,system_output,system_output_text,cer,cer_status,source_id,source_sha256,result_id
SYN-0001,短语音/录音转写,普通话口述,inputs/SYN-0001.json,"{""type"":""synthetic_audio_fixture"",""path"":""inputs/SYN-0001.json"",""source_id"":""synthetic://SYN-0001.wav"",""data_classification"":""synthetic_engineering_validation"",""subscene_type"":""普通话口述"",""fixture_variant"":""clean_mandarin"",""dialogue_turns"":""-""}","{""duration_ms"":1200,""sample_rate"":16000,""channels"":1,""format"":""wav"",""language"":""普通话"",""speaker_count"":1,""signal_conditions"":[""synthetic"",""clean""]}",普通话,"{""synthetic"":true,""data_classification"":""synthetic_engineering_validation"",""validation_scope"":""synthetic_engineering_validation"",""capability_chain"":""C01"",""source_sha256"":""efea11e6f434e16f0c5babfb29202326f79e7263b33604dd17a6ae5794d502e9"",""fixture_variant"":""clean_mandarin""}",短语音/录音转写,普通话口述,C01,语音识别,"{""transcript"":""请把今天的会议纪要发给李明"",""translation"":""-"",""intent"":""-"",""slots"":""-"",""expected_action"":""-"",""expected_reply"":""-"",""translation_context"":""-"",""annotation_version"":""fixture-2.0""}",请把今天的会议纪要发给李明,"{""transcript"":""请把今天的会议纪要发给李明"",""translation"":""-"",""intent"":""-"",""slots"":""-"",""action"":""-"",""reply"":""-"",""model_version"":""deterministic-fixture-2.0"",""run_id"":""RUN-SYN-0001""}",请把今天的会议纪要发给李明,0.000000,通过,synthetic://SYN-0001.wav,efea11e6f434e16f0c5babfb29202326f79e7263b33604dd17a6ae5794d502e9,SYN-0001
SYN-0002,短语音/录音转写,噪声/数字英文混合,inputs/SYN-0002.json,"{""type"":""synthetic_audio_fixture"",""path"":""inputs/SYN-0002.json"",""source_id"":""synthetic://SYN-0002.wav"",""data_classification"":""synthetic_engineering_validation"",""subscene_type"":""噪声/数字英文混合"",""fixture_variant"":""noise_mixed_alphanumeric"",""dialogue_turns"":""-""}","{""duration_ms"":1300,""sample_rate"":16000,""channels"":1,""format"":""wav"",""language"":""普通话"",""speaker_count"":1,""signal_conditions"":[""synthetic"",""noise"",""mixed_alphanumeric""]}",普通话,"{""synthetic"":true,""data_classification"":""synthetic_engineering_validation"",""validation_scope"":""synthetic_engineering_validation"",""capability_chain"":""C01"",""source_sha256"":""c0ad758fc4bd645178f76bfcd3425405ff3ccf7e579349f65c83e656e318676d"",""fixture_variant"":""noise_mixed_alphanumeric""}",短语音/录音转写,噪声/数字英文混合,C01,语音识别,"{""transcript"":""请把订单 A1007 的数量改成 3 份"",""translation"":""-"",""intent"":""-"",""slots"":""-"",""expected_action"":""-"",""expected_reply"":""-"",""translation_context"":""-"",""annotation_version"":""fixture-2.0""}",请把订单 A1007 的数量改成 3 份,"{""transcript"":""请把订单 A1007 的数量改成 3 "",""translation"":""-"",""intent"":""-"",""slots"":""-"",""action"":""-"",""reply"":""-"",""model_version"":""deterministic-fixture-2.0"",""run_id"":""RUN-SYN-0002""}",请把订单 A1007 的数量改成 3 ,0.062500,通过,synthetic://SYN-0002.wav,c0ad758fc4bd645178f76bfcd3425405ff3ccf7e579349f65c83e656e318676d,SYN-0002
SYN-0003,会议/办公语音翻译,短句语翻,inputs/SYN-0003.json,"{""type"":""synthetic_audio_fixture"",""path"":""inputs/SYN-0003.json"",""source_id"":""synthetic://SYN-0003.wav"",""data_classification"":""synthetic_engineering_validation"",""subscene_type"":""短句语翻"",""fixture_variant"":""short_translation"",""dialogue_turns"":""-""}","{""duration_ms"":1400,""sample_rate"":16000,""channels"":1,""format"":""wav"",""language"":""普通话"",""speaker_count"":1,""signal_conditions"":[""synthetic"",""clean""]}",普通话,"{""synthetic"":true,""data_classification"":""synthetic_engineering_validation"",""validation_scope"":""synthetic_engineering_validation"",""capability_chain"":""C02"",""source_sha256"":""966174aa57cdbabf56204c4380aacea1293966d35355b54f3116af560de97a07"",""fixture_variant"":""short_translation""}",会议/办公语音翻译,短句语翻,C02,语音识别|机器翻译,"{""transcript"":""请把文件发给王芳"",""translation"":""Please send the file to Wang Fang"",""intent"":""-"",""slots"":""-"",""expected_action"":""-"",""expected_reply"":""-"",""translation_context"":""-"",""annotation_version"":""fixture-2.0""}",请把文件发给王芳,"{""transcript"":""请把文件发给"",""translation"":""Please send the file to Wang Fang"",""intent"":""-"",""slots"":""-"",""action"":""-"",""reply"":""-"",""model_version"":""deterministic-fixture-2.0"",""run_id"":""RUN-SYN-0003""}",请把文件发给,0.250000,失败,synthetic://SYN-0003.wav,966174aa57cdbabf56204c4380aacea1293966d35355b54f3116af560de97a07,SYN-0003
SYN-0004,会议/办公语音翻译,长句/上下文翻译,inputs/SYN-0004.json,"{""type"":""synthetic_audio_fixture"",""path"":""inputs/SYN-0004.json"",""source_id"":""synthetic://SYN-0004.wav"",""data_classification"":""synthetic_engineering_validation"",""subscene_type"":""长句/上下文翻译"",""fixture_variant"":""long_context_translation"",""dialogue_turns"":[{""轮次"":1,""角色"":""主持人"",""内容"":""上下文：项目评审安排""},{""轮次"":2,""角色"":""用户"",""内容"":""在今天下午的项目评审会上，请先介绍风险清单，再说明每项风险的负责人和预计解决时间。""}]}","{""duration_ms"":1500,""sample_rate"":16000,""channels"":1,""format"":""wav"",""language"":""普通话"",""speaker_count"":1,""signal_conditions"":[""synthetic"",""clean""]}",普通话,"{""synthetic"":true,""data_classification"":""synthetic_engineering_validation"",""validation_scope"":""synthetic_engineering_validation"",""capability_chain"":""C02"",""source_sha256"":""d9313ac1a8664ab05018d3bb60e66389c9fa3bd9a8c0b6022d99ac1c0703ba23"",""fixture_variant"":""long_context_translation""}",会议/办公语音翻译,长句/上下文翻译,C02,语音识别|机器翻译,"{""transcript"":""在今天下午的项目评审会上，请先介绍风险清单，再说明每项风险的负责人和预计解决时间。"",""translation"":""At this afternoon's project review, first introduce the risk list, then explain the owner and expected resolution time for each risk."",""intent"":""-"",""slots"":""-"",""expected_action"":""-"",""expected_reply"":""-"",""translation_context"":""项目评审安排"",""annotation_version"":""fixture-2.0""}",在今天下午的项目评审会上，请先介绍风险清单，再说明每项风险的负责人和预计解决时间。,"{""transcript"":""在今"",""translation"":""At this afternoon's project review, first introduce the risk list, then explain the owner and expected resolution time for each risk."",""intent"":""-"",""slots"":""-"",""action"":""-"",""reply"":""-"",""model_version"":""deterministic-fixture-2.0"",""run_id"":""RUN-SYN-0004""}",在今,0.947368,失败,synthetic://SYN-0004.wav,d9313ac1a8664ab05018d3bb60e66389c9fa3bd9a8c0b6022d99ac1c0703ba23,SYN-0004
SYN-0005,车载/语音助手交互,设备控制,inputs/SYN-0005.json,"{""type"":""synthetic_audio_fixture"",""path"":""inputs/SYN-0005.json"",""source_id"":""synthetic://SYN-0005.wav"",""data_classification"":""synthetic_engineering_validation"",""subscene_type"":""设备控制"",""fixture_variant"":""device_control"",""dialogue_turns"":""-""}","{""duration_ms"":1600,""sample_rate"":16000,""channels"":1,""format"":""wav"",""language"":""普通话"",""speaker_count"":1,""signal_conditions"":[""synthetic"",""clean""]}",普通话,"{""synthetic"":true,""data_classification"":""synthetic_engineering_validation"",""validation_scope"":""synthetic_engineering_validation"",""capability_chain"":""C03"",""source_sha256"":""67a5f3223e4b00da34e8d9de5a5cc6d3401e4836dc052d0099f27207660df054"",""fixture_variant"":""device_control""}",车载/语音助手交互,设备控制,C03,语音识别|语义理解|对话生成,"{""transcript"":""把客厅空调打开"",""translation"":""-"",""intent"":""设备控制"",""slots"":{""设备"":""空调"",""位置"":""客厅""},""expected_action"":""turn_on"",""expected_reply"":""已打开客厅空调"",""translation_context"":""-"",""annotation_version"":""fixture-2.0""}",把客厅空调打开,"{""transcript"":""把客厅空调打开"",""translation"":""-"",""intent"":""设备控制"",""slots"":{""设备"":""空调"",""位置"":""客厅""},""action"":""turn_on"",""reply"":""已打开客厅空调"",""model_version"":""deterministic-fixture-2.0"",""run_id"":""RUN-SYN-0005""}",把客厅空调打开,0.000000,通过,synthetic://SYN-0005.wav,67a5f3223e4b00da34e8d9de5a5cc6d3401e4836dc052d0099f27207660df054,SYN-0005
SYN-0006,车载/语音助手交互,信息查询/多轮任务,inputs/SYN-0006.json,"{""type"":""synthetic_audio_fixture"",""path"":""inputs/SYN-0006.json"",""source_id"":""synthetic://SYN-0006.wav"",""data_classification"":""synthetic_engineering_validation"",""subscene_type"":""信息查询/多轮任务"",""fixture_variant"":""multi_turn_query"",""dialogue_turns"":[{""轮次"":1,""角色"":""用户"",""内容"":""我想了解北京的安排。""},{""轮次"":2,""角色"":""系统"",""内容"":""好的，请问你想查询什么？""},{""轮次"":3,""角色"":""用户"",""内容"":""请查询明天北京的天气信息""}]}","{""duration_ms"":1700,""sample_rate"":16000,""channels"":1,""format"":""wav"",""language"":""普通话"",""speaker_count"":1,""signal_conditions"":[""synthetic"",""clean""]}",普通话,"{""synthetic"":true,""data_classification"":""synthetic_engineering_validation"",""validation_scope"":""synthetic_engineering_validation"",""capability_chain"":""C03"",""source_sha256"":""fb06b460779b3bb68af95594f02a9d4d02a7974ef9649f14dbbcd5a6fd500827"",""fixture_variant"":""multi_turn_query""}",车载/语音助手交互,信息查询/多轮任务,C03,语音识别|语义理解|对话生成,"{""transcript"":""请查询明天北京的天气信息"",""translation"":""-"",""intent"":""信息查询"",""slots"":{""地点"":""北京"",""日期"":""明天""},""expected_action"":""query_weather"",""expected_reply"":""北京明天晴转多云，最高温度26度"",""translation_context"":""-"",""annotation_version"":""fixture-2.0""}",请查询明天北京的天气信息,"{""transcript"":""请查询明天北京的天气信"",""translation"":""-"",""intent"":""信息查询"",""slots"":{""地点"":""北京"",""日期"":""明天""},""action"":""query_weather"",""reply"":""北京明天晴转多云，最高温度26度"",""model_version"":""deterministic-fixture-2.0"",""run_id"":""RUN-SYN-0006""}",请查询明天北京的天气信,0.083333,通过,synthetic://SYN-0006.wav,fb06b460779b3bb68af95594f02a9d4d02a7974ef9649f14dbbcd5a6fd500827,SYN-0006
SYN-0007,短语音/录音转写,普通话口述,inputs/SYN-0007.json,"{""type"":""synthetic_audio_fixture"",""path"":""inputs/SYN-0007.json"",""source_id"":""synthetic://SYN-0007.wav"",""data_classification"":""synthetic_engineering_validation"",""subscene_type"":""普通话口述"",""fixture_variant"":""clean_mandarin"",""dialogue_turns"":""-""}","{""duration_ms"":1800,""sample_rate"":16000,""channels"":1,""format"":""wav"",""language"":""普通话"",""speaker_count"":1,""signal_conditions"":[""synthetic"",""clean""]}",普通话,"{""synthetic"":true,""data_classification"":""synthetic_engineering_validation"",""validation_scope"":""synthetic_engineering_validation"",""capability_chain"":""C01"",""source_sha256"":""ee9e5fcc9c5ff19d2810e8fba683f871b6cfd72b2d30a202948d8af0c45783a9"",""fixture_variant"":""clean_mandarin""}",短语音/录音转写,普通话口述,C01,语音识别,"{""transcript"":""下午三点提醒我参加项目评审"",""translation"":""-"",""intent"":""-"",""slots"":""-"",""expected_action"":""-"",""expected_reply"":""-"",""translation_context"":""-"",""annotation_version"":""fixture-2.0""}",下午三点提醒我参加项目评审,"{""transcript"":""下午三点提醒我参加项目"",""translation"":""-"",""intent"":""-"",""slots"":""-"",""action"":""-"",""reply"":""-"",""model_version"":""deterministic-fixture-2.0"",""run_id"":""RUN-SYN-0007""}",下午三点提醒我参加项目,0.153846,需关注,synthetic://SYN-0007.wav,ee9e5fcc9c5ff19d2810e8fba683f871b6cfd72b2d30a202948d8af0c45783a9,SYN-0007
SYN-0008,短语音/录音转写,噪声/数字英文混合,inputs/SYN-0008.json,"{""type"":""synthetic_audio_fixture"",""path"":""inputs/SYN-0008.json"",""source_id"":""synthetic://SYN-0008.wav"",""data_classification"":""synthetic_engineering_validation"",""subscene_type"":""噪声/数字英文混合"",""fixture_variant"":""noise_mixed_alphanumeric"",""dialogue_turns"":""-""}","{""duration_ms"":1900,""sample_rate"":16000,""channels"":1,""format"":""wav"",""language"":""普通话"",""speaker_count"":1,""signal_conditions"":[""synthetic"",""noise"",""mixed_alphanumeric""]}",普通话,"{""synthetic"":true,""data_classification"":""synthetic_engineering_validation"",""validation_scope"":""synthetic_engineering_validation"",""capability_chain"":""C01"",""source_sha256"":""9c23942135e3a4f6e11be796760261f649235115b6b9c51abffa3a28bb66b36f"",""fixture_variant"":""noise_mixed_alphanumeric""}",短语音/录音转写,噪声/数字英文混合,C01,语音识别,"{""transcript"":""WiFi 名称是 Office-5G，请记录下来"",""translation"":""-"",""intent"":""-"",""slots"":""-"",""expected_action"":""-"",""expected_reply"":""-"",""translation_context"":""-"",""annotation_version"":""fixture-2.0""}",WiFi 名称是 Office-5G，请记录下来,"{""transcript"":""Wi"",""translation"":""-"",""intent"":""-"",""slots"":""-"",""action"":""-"",""reply"":""-"",""model_version"":""deterministic-fixture-2.0"",""run_id"":""RUN-SYN-0008""}",Wi,0.900000,失败,synthetic://SYN-0008.wav,9c23942135e3a4f6e11be796760261f649235115b6b9c51abffa3a28bb66b36f,SYN-0008
SYN-0009,会议/办公语音翻译,短句语翻,inputs/SYN-0009.json,"{""type"":""synthetic_audio_fixture"",""path"":""inputs/SYN-0009.json"",""source_id"":""synthetic://SYN-0009.wav"",""data_classification"":""synthetic_engineering_validation"",""subscene_type"":""短句语翻"",""fixture_variant"":""short_translation"",""dialogue_turns"":""-""}","{""duration_ms"":2000,""sample_rate"":16000,""channels"":1,""format"":""wav"",""language"":""普通话"",""speaker_count"":1,""signal_conditions"":[""synthetic"",""clean""]}",普通话,"{""synthetic"":true,""data_classification"":""synthetic_engineering_validation"",""validation_scope"":""synthetic_engineering_validation"",""capability_chain"":""C02"",""source_sha256"":""a3ce7270ececf0d1cf0b1d2dba2e1320ca08047b2f8cf82870d29c108a4fba88"",""fixture_variant"":""short_translation""}",会议/办公语音翻译,短句语翻,C02,语音识别|机器翻译,"{""transcript"":""会议改到周五上午"",""translation"":""Move the meeting to Friday morning"",""intent"":""-"",""slots"":""-"",""expected_action"":""-"",""expected_reply"":""-"",""translation_context"":""-"",""annotation_version"":""fixture-2.0""}",会议改到周五上午,"{""transcript"":""会议改到周五上午"",""translation"":""Move the meeting to Friday morning"",""intent"":""-"",""slots"":""-"",""action"":""-"",""reply"":""-"",""model_version"":""deterministic-fixture-2.0"",""run_id"":""RUN-SYN-0009""}",会议改到周五上午,0.000000,通过,synthetic://SYN-0009.wav,a3ce7270ececf0d1cf0b1d2dba2e1320ca08047b2f8cf82870d29c108a4fba88,SYN-0009
SYN-0010,会议/办公语音翻译,长句/上下文翻译,inputs/SYN-0010.json,"{""type"":""synthetic_audio_fixture"",""path"":""inputs/SYN-0010.json"",""source_id"":""synthetic://SYN-0010.wav"",""data_classification"":""synthetic_engineering_validation"",""subscene_type"":""长句/上下文翻译"",""fixture_variant"":""long_context_translation"",""dialogue_turns"":[{""轮次"":1,""角色"":""主持人"",""内容"":""上下文：客户交付调整""},{""轮次"":2,""角色"":""用户"",""内容"":""由于客户把交付日期提前了一周，请把新的排期发给研发和测试，并在邮件中说明需要优先确认的接口。""}]}","{""duration_ms"":1200,""sample_rate"":16000,""channels"":1,""format"":""wav"",""language"":""普通话"",""speaker_count"":1,""signal_conditions"":[""synthetic"",""clean""]}",普通话,"{""synthetic"":true,""data_classification"":""synthetic_engineering_validation"",""validation_scope"":""synthetic_engineering_validation"",""capability_chain"":""C02"",""source_sha256"":""fccbe5082c41ca6b4b4f539044dbbcc0d3c1bf301ee5e94f98b164f6fbe3c94a"",""fixture_variant"":""long_context_translation""}",会议/办公语音翻译,长句/上下文翻译,C02,语音识别|机器翻译,"{""transcript"":""由于客户把交付日期提前了一周，请把新的排期发给研发和测试，并在邮件中说明需要优先确认的接口。"",""translation"":""Because the customer moved the delivery date forward by one week, send the new schedule to development and testing and explain which interfaces need priority confirmation in the email."",""intent"":""-"",""slots"":""-"",""expected_action"":""-"",""expected_reply"":""-"",""translation_context"":""客户交付调整"",""annotation_version"":""fixture-2.0""}",由于客户把交付日期提前了一周，请把新的排期发给研发和测试，并在邮件中说明需要优先确认的接口。,"{""transcript"":""由于客户把交付日期提前了一周，请把新的排期发给研发和测试，并在邮件中说明需要优先确认的接口"",""translation"":""Because the customer moved the delivery date forward by one week, send the new schedule to development and testing and explain which interfaces need priority confirmation in the email."",""intent"":""-"",""slots"":""-"",""action"":""-"",""reply"":""-"",""model_version"":""deterministic-fixture-2.0"",""run_id"":""RUN-SYN-0010""}",由于客户把交付日期提前了一周，请把新的排期发给研发和测试，并在邮件中说明需要优先确认的接口,0.000000,通过,synthetic://SYN-0010.wav,fccbe5082c41ca6b4b4f539044dbbcc0d3c1bf301ee5e94f98b164f6fbe3c94a,SYN-0010
SYN-0011,车载/语音助手交互,设备控制,inputs/SYN-0011.json,"{""type"":""synthetic_audio_fixture"",""path"":""inputs/SYN-0011.json"",""source_id"":""synthetic://SYN-0011.wav"",""data_classification"":""synthetic_engineering_validation"",""subscene_type"":""设备控制"",""fixture_variant"":""device_control"",""dialogue_turns"":""-""}","{""duration_ms"":1300,""sample_rate"":16000,""channels"":1,""format"":""wav"",""language"":""普通话"",""speaker_count"":1,""signal_conditions"":[""synthetic"",""clean""]}",普通话,"{""synthetic"":true,""data_classification"":""synthetic_engineering_validation"",""validation_scope"":""synthetic_engineering_validation"",""capability_chain"":""C03"",""source_sha256"":""543629fa6e84d1d00810d162dc051ba1b6e6d60ef2a209b87b47b146f6657c71"",""fixture_variant"":""device_control""}",车载/语音助手交互,设备控制,C03,语音识别|语义理解|对话生成,"{""transcript"":""把卧室空调关闭"",""translation"":""-"",""intent"":""设备控制"",""slots"":{""设备"":""空调"",""位置"":""卧室""},""expected_action"":""turn_off"",""expected_reply"":""已关闭卧室空调"",""translation_context"":""-"",""annotation_version"":""fixture-2.0""}",把卧室空调关闭,"{""transcript"":""把卧室空调"",""translation"":""-"",""intent"":""设备控制"",""slots"":{""设备"":""空调"",""位置"":""卧室""},""action"":""turn_off"",""reply"":""已关闭卧室空调"",""model_version"":""deterministic-fixture-2.0"",""run_id"":""RUN-SYN-0011""}",把卧室空调,0.285714,失败,synthetic://SYN-0011.wav,543629fa6e84d1d00810d162dc051ba1b6e6d60ef2a209b87b47b146f6657c71,SYN-0011
SYN-0012,车载/语音助手交互,信息查询/多轮任务,inputs/SYN-0012.json,"{""type"":""synthetic_audio_fixture"",""path"":""inputs/SYN-0012.json"",""source_id"":""synthetic://SYN-0012.wav"",""data_classification"":""synthetic_engineering_validation"",""subscene_type"":""信息查询/多轮任务"",""fixture_variant"":""multi_turn_query"",""dialogue_turns"":[{""轮次"":1,""角色"":""用户"",""内容"":""我想了解上海的安排。""},{""轮次"":2,""角色"":""系统"",""内容"":""好的，请问你想查询什么？""},{""轮次"":3,""角色"":""用户"",""内容"":""请查询周五上海的天气信息""}]}","{""duration_ms"":1400,""sample_rate"":16000,""channels"":1,""format"":""wav"",""language"":""普通话"",""speaker_count"":1,""signal_conditions"":[""synthetic"",""clean""]}",普通话,"{""synthetic"":true,""data_classification"":""synthetic_engineering_validation"",""validation_scope"":""synthetic_engineering_validation"",""capability_chain"":""C03"",""source_sha256"":""136f5de5cb275f95153701e57190a88f1009279385eb47737a72dc45010044af"",""fixture_variant"":""multi_turn_query""}",车载/语音助手交互,信息查询/多轮任务,C03,语音识别|语义理解|对话生成,"{""transcript"":""请查询周五上海的天气信息"",""translation"":""-"",""intent"":""信息查询"",""slots"":{""地点"":""上海"",""日期"":""周五""},""expected_action"":""query_weather"",""expected_reply"":""上海周五有小雨，最高温度22度"",""translation_context"":""-"",""annotation_version"":""fixture-2.0""}",请查询周五上海的天气信息,"{""transcript"":""请查"",""translation"":""-"",""intent"":""信息查询"",""slots"":{""地点"":""上海"",""日期"":""周五""},""action"":""query_weather"",""reply"":""上海周五有小雨，最高温度22度"",""model_version"":""deterministic-fixture-2.0"",""run_id"":""RUN-SYN-0012""}",请查,0.833333,失败,synthetic://SYN-0012.wav,136f5de5cb275f95153701e57190a88f1009279385eb47737a72dc45010044af,SYN-0012
SYN-0013,短语音/录音转写,普通话口述,inputs/SYN-0013.json,"{""type"":""synthetic_audio_fixture"",""path"":""inputs/SYN-0013.json"",""source_id"":""synthetic://SYN-0013.wav"",""data_classification"":""synthetic_engineering_validation"",""subscene_type"":""普通话口述"",""fixture_variant"":""clean_mandarin"",""dialogue_turns"":""-""}","{""duration_ms"":1500,""sample_rate"":16000,""channels"":1,""format"":""wav"",""language"":""普通话"",""speaker_count"":1,""signal_conditions"":[""synthetic"",""clean""]}",普通话,"{""synthetic"":true,""data_classification"":""synthetic_engineering_validation"",""validation_scope"":""synthetic_engineering_validation"",""capability_chain"":""C01"",""source_sha256"":""c4c2f3086e5e2644d90c9562437a3d7a3b594355b9d5e73722a6dba8ff9570d5"",""fixture_variant"":""clean_mandarin""}",短语音/录音转写,普通话口述,C01,语音识别,"{""transcript"":""把桌上的蓝色文件夹放进抽屉"",""translation"":""-"",""intent"":""-"",""slots"":""-"",""expected_action"":""-"",""expected_reply"":""-"",""translation_context"":""-"",""annotation_version"":""fixture-2.0""}",把桌上的蓝色文件夹放进抽屉,"{""transcript"":""把桌上的蓝色文件夹放进抽屉"",""translation"":""-"",""intent"":""-"",""slots"":""-"",""action"":""-"",""reply"":""-"",""model_version"":""deterministic-fixture-2.0"",""run_id"":""RUN-SYN-0013""}",把桌上的蓝色文件夹放进抽屉,0.000000,通过,synthetic://SYN-0013.wav,c4c2f3086e5e2644d90c9562437a3d7a3b594355b9d5e73722a6dba8ff9570d5,SYN-0013
SYN-0014,短语音/录音转写,噪声/数字英文混合,inputs/SYN-0014.json,"{""type"":""synthetic_audio_fixture"",""path"":""inputs/SYN-0014.json"",""source_id"":""synthetic://SYN-0014.wav"",""data_classification"":""synthetic_engineering_validation"",""subscene_type"":""噪声/数字英文混合"",""fixture_variant"":""noise_mixed_alphanumeric"",""dialogue_turns"":""-""}","{""duration_ms"":1600,""sample_rate"":16000,""channels"":1,""format"":""wav"",""language"":""普通话"",""speaker_count"":1,""signal_conditions"":[""synthetic"",""noise"",""mixed_alphanumeric""]}",普通话,"{""synthetic"":true,""data_classification"":""synthetic_engineering_validation"",""validation_scope"":""synthetic_engineering_validation"",""capability_chain"":""C01"",""source_sha256"":""18e1a6004f733defbbe15a064680e32eb83a9c1dac9cf69f43289417ee10f3f0"",""fixture_variant"":""noise_mixed_alphanumeric""}",短语音/录音转写,噪声/数字英文混合,C01,语音识别,"{""transcript"":""把 2026 年 9 月 1 日的会议设为全天"",""translation"":""-"",""intent"":""-"",""slots"":""-"",""expected_action"":""-"",""expected_reply"":""-"",""translation_context"":""-"",""annotation_version"":""fixture-2.0""}",把 2026 年 9 月 1 日的会议设为全天,"{""transcript"":""把 2026 年 9 月 1 日的会议设为全"",""translation"":""-"",""intent"":""-"",""slots"":""-"",""action"":""-"",""reply"":""-"",""model_version"":""deterministic-fixture-2.0"",""run_id"":""RUN-SYN-0014""}",把 2026 年 9 月 1 日的会议设为全,0.058824,通过,synthetic://SYN-0014.wav,18e1a6004f733defbbe15a064680e32eb83a9c1dac9cf69f43289417ee10f3f0,SYN-0014
SYN-0015,会议/办公语音翻译,短句语翻,inputs/SYN-0015.json,"{""type"":""synthetic_audio_fixture"",""path"":""inputs/SYN-0015.json"",""source_id"":""synthetic://SYN-0015.wav"",""data_classification"":""synthetic_engineering_validation"",""subscene_type"":""短句语翻"",""fixture_variant"":""short_translation"",""dialogue_turns"":""-""}","{""duration_ms"":1700,""sample_rate"":16000,""channels"":1,""format"":""wav"",""language"":""普通话"",""speaker_count"":1,""signal_conditions"":[""synthetic"",""clean""]}",普通话,"{""synthetic"":true,""data_classification"":""synthetic_engineering_validation"",""validation_scope"":""synthetic_engineering_validation"",""capability_chain"":""C02"",""source_sha256"":""5f1ade863be8c43dcda2e2124be5517687680d49434a77afc773a1209cc3c19d"",""fixture_variant"":""short_translation""}",会议/办公语音翻译,短句语翻,C02,语音识别|机器翻译,"{""transcript"":""打开共享文档"",""translation"":""Open the shared document"",""intent"":""-"",""slots"":""-"",""expected_action"":""-"",""expected_reply"":""-"",""translation_context"":""-"",""annotation_version"":""fixture-2.0""}",打开共享文档,"{""transcript"":""打开共享"",""translation"":""Open the shared document"",""intent"":""-"",""slots"":""-"",""action"":""-"",""reply"":""-"",""model_version"":""deterministic-fixture-2.0"",""run_id"":""RUN-SYN-0015""}",打开共享,0.333333,失败,synthetic://SYN-0015.wav,5f1ade863be8c43dcda2e2124be5517687680d49434a77afc773a1209cc3c19d,SYN-0015
SYN-0016,会议/办公语音翻译,长句/上下文翻译,inputs/SYN-0016.json,"{""type"":""synthetic_audio_fixture"",""path"":""inputs/SYN-0016.json"",""source_id"":""synthetic://SYN-0016.wav"",""data_classification"":""synthetic_engineering_validation"",""subscene_type"":""长句/上下文翻译"",""fixture_variant"":""long_context_translation"",""dialogue_turns"":[{""轮次"":1,""角色"":""主持人"",""内容"":""上下文：会议设备检查""},{""轮次"":2,""角色"":""用户"",""内容"":""会议开始前请检查投影和麦克风是否正常，若发现共享屏幕延迟，就先切换到备用会议链接。""}]}","{""duration_ms"":1800,""sample_rate"":16000,""channels"":1,""format"":""wav"",""language"":""普通话"",""speaker_count"":1,""signal_conditions"":[""synthetic"",""clean""]}",普通话,"{""synthetic"":true,""data_classification"":""synthetic_engineering_validation"",""validation_scope"":""synthetic_engineering_validation"",""capability_chain"":""C02"",""source_sha256"":""a26dfe332d9186896631cebda5a0c3b5e5daf43837366665f54997842c51a31b"",""fixture_variant"":""long_context_translation""}",会议/办公语音翻译,长句/上下文翻译,C02,语音识别|机器翻译,"{""transcript"":""会议开始前请检查投影和麦克风是否正常，若发现共享屏幕延迟，就先切换到备用会议链接。"",""translation"":""Before the meeting starts, check whether the projector and microphone work properly; if screen sharing is delayed, switch to the backup meeting link first."",""intent"":""-"",""slots"":""-"",""expected_action"":""-"",""expected_reply"":""-"",""translation_context"":""会议设备检查"",""annotation_version"":""fixture-2.0""}",会议开始前请检查投影和麦克风是否正常，若发现共享屏幕延迟，就先切换到备用会议链接。,"{""transcript"":""会议"",""translation"":""Before the meeting starts, check whether the projector and microphone work properly; if screen sharing is delayed, switch to the backup meeting link first."",""intent"":""-"",""slots"":""-"",""action"":""-"",""reply"":""-"",""model_version"":""deterministic-fixture-2.0"",""run_id"":""RUN-SYN-0016""}",会议,0.947368,失败,synthetic://SYN-0016.wav,a26dfe332d9186896631cebda5a0c3b5e5daf43837366665f54997842c51a31b,SYN-0016
SYN-0017,车载/语音助手交互,设备控制,inputs/SYN-0017.json,"{""type"":""synthetic_audio_fixture"",""path"":""inputs/SYN-0017.json"",""source_id"":""synthetic://SYN-0017.wav"",""data_classification"":""synthetic_engineering_validation"",""subscene_type"":""设备控制"",""fixture_variant"":""device_control"",""dialogue_turns"":""-""}","{""duration_ms"":1900,""sample_rate"":16000,""channels"":1,""format"":""wav"",""language"":""普通话"",""speaker_count"":1,""signal_conditions"":[""synthetic"",""clean""]}",普通话,"{""synthetic"":true,""data_classification"":""synthetic_engineering_validation"",""validation_scope"":""synthetic_engineering_validation"",""capability_chain"":""C03"",""source_sha256"":""b0d0f4b9ec930f8c78f1c09abd246876ece6304b926353b5724700916e4ee623"",""fixture_variant"":""device_control""}",车载/语音助手交互,设备控制,C03,语音识别|语义理解|对话生成,"{""transcript"":""请打开书房台灯"",""translation"":""-"",""intent"":""设备控制"",""slots"":{""设备"":""台灯"",""位置"":""书房""},""expected_action"":""turn_on"",""expected_reply"":""已打开书房台灯"",""translation_context"":""-"",""annotation_version"":""fixture-2.0""}",请打开书房台灯,"{""transcript"":""请打开书房台灯"",""translation"":""-"",""intent"":""设备控制"",""slots"":{""设备"":""台灯"",""位置"":""书房""},""action"":""turn_on"",""reply"":""已打开书房台灯"",""model_version"":""deterministic-fixture-2.0"",""run_id"":""RUN-SYN-0017""}",请打开书房台灯,0.000000,通过,synthetic://SYN-0017.wav,b0d0f4b9ec930f8c78f1c09abd246876ece6304b926353b5724700916e4ee623,SYN-0017
SYN-0018,车载/语音助手交互,信息查询/多轮任务,inputs/SYN-0018.json,"{""type"":""synthetic_audio_fixture"",""path"":""inputs/SYN-0018.json"",""source_id"":""synthetic://SYN-0018.wav"",""data_classification"":""synthetic_engineering_validation"",""subscene_type"":""信息查询/多轮任务"",""fixture_variant"":""multi_turn_query"",""dialogue_turns"":[{""轮次"":1,""角色"":""用户"",""内容"":""我想了解广州的安排。""},{""轮次"":2,""角色"":""系统"",""内容"":""好的，请问你想查询什么？""},{""轮次"":3,""角色"":""用户"",""内容"":""请查询今晚广州的空气质量信息""}]}","{""duration_ms"":2000,""sample_rate"":16000,""channels"":1,""format"":""wav"",""language"":""普通话"",""speaker_count"":1,""signal_conditions"":[""synthetic"",""clean""]}",普通话,"{""synthetic"":true,""data_classification"":""synthetic_engineering_validation"",""validation_scope"":""synthetic_engineering_validation"",""capability_chain"":""C03"",""source_sha256"":""89effa128df627bbc835b810983418b7c50814ed9aeebe4636bb8cd4c4c812dd"",""fixture_variant"":""multi_turn_query""}",车载/语音助手交互,信息查询/多轮任务,C03,语音识别|语义理解|对话生成,"{""transcript"":""请查询今晚广州的空气质量信息"",""translation"":""-"",""intent"":""信息查询"",""slots"":{""地点"":""广州"",""日期"":""今晚""},""expected_action"":""query_air_quality"",""expected_reply"":""广州今晚空气质量为良"",""translation_context"":""-"",""annotation_version"":""fixture-2.0""}",请查询今晚广州的空气质量信息,"{""transcript"":""请查询今晚广州的空气质量信"",""translation"":""-"",""intent"":""信息查询"",""slots"":{""地点"":""广州"",""日期"":""今晚""},""action"":""query_air_quality"",""reply"":""广州今晚空气质量为良"",""model_version"":""deterministic-fixture-2.0"",""run_id"":""RUN-SYN-0018""}",请查询今晚广州的空气质量信,0.071429,通过,synthetic://SYN-0018.wav,89effa128df627bbc835b810983418b7c50814ed9aeebe4636bb8cd4c4c812dd,SYN-0018
SYN-0019,短语音/录音转写,普通话口述,inputs/SYN-0019.json,"{""type"":""synthetic_audio_fixture"",""path"":""inputs/SYN-0019.json"",""source_id"":""synthetic://SYN-0019.wav"",""data_classification"":""synthetic_engineering_validation"",""subscene_type"":""普通话口述"",""fixture_variant"":""clean_mandarin"",""dialogue_turns"":""-""}","{""duration_ms"":1200,""sample_rate"":16000,""channels"":1,""format"":""wav"",""language"":""普通话"",""speaker_count"":1,""signal_conditions"":[""synthetic"",""clean""]}",普通话,"{""synthetic"":true,""data_classification"":""synthetic_engineering_validation"",""validation_scope"":""synthetic_engineering_validation"",""capability_chain"":""C01"",""source_sha256"":""363351da6fd5d21d4592c778ded8cb935088a01fe038d3788a6447131b438d20"",""fixture_variant"":""clean_mandarin""}",短语音/录音转写,普通话口述,C01,语音识别,"{""transcript"":""我明早要去机场请设置一个提醒"",""translation"":""-"",""intent"":""-"",""slots"":""-"",""expected_action"":""-"",""expected_reply"":""-"",""translation_context"":""-"",""annotation_version"":""fixture-2.0""}",我明早要去机场请设置一个提醒,"{""transcript"":""我明早要去机场请设置一个"",""translation"":""-"",""intent"":""-"",""slots"":""-"",""action"":""-"",""reply"":""-"",""model_version"":""deterministic-fixture-2.0"",""run_id"":""RUN-SYN-0019""}",我明早要去机场请设置一个,0.142857,需关注,synthetic://SYN-0019.wav,363351da6fd5d21d4592c778ded8cb935088a01fe038d3788a6447131b438d20,SYN-0019
SYN-0020,短语音/录音转写,噪声/数字英文混合,inputs/SYN-0020.json,"{""type"":""synthetic_audio_fixture"",""path"":""inputs/SYN-0020.json"",""source_id"":""synthetic://SYN-0020.wav"",""data_classification"":""synthetic_engineering_validation"",""subscene_type"":""噪声/数字英文混合"",""fixture_variant"":""noise_mixed_alphanumeric"",""dialogue_turns"":""-""}","{""duration_ms"":1300,""sample_rate"":16000,""channels"":1,""format"":""wav"",""language"":""普通话"",""speaker_count"":1,""signal_conditions"":[""synthetic"",""noise"",""mixed_alphanumeric""]}",普通话,"{""synthetic"":true,""data_classification"":""synthetic_engineering_validation"",""validation_scope"":""synthetic_engineering_validation"",""capability_chain"":""C01"",""source_sha256"":""b1cbf1fa4db999a0867c16bc47ed1b5eeee8f2b3cff61bf51a45a9605c96a223"",""fixture_variant"":""noise_mixed_alphanumeric""}",短语音/录音转写,噪声/数字英文混合,C01,语音识别,"{""transcript"":""请拨打客服热线 400-800-1234"",""translation"":""-"",""intent"":""-"",""slots"":""-"",""expected_action"":""-"",""expected_reply"":""-"",""translation_context"":""-"",""annotation_version"":""fixture-2.0""}",请拨打客服热线 400-800-1234,"{""transcript"":""请拨"",""translation"":""-"",""intent"":""-"",""slots"":""-"",""action"":""-"",""reply"":""-"",""model_version"":""deterministic-fixture-2.0"",""run_id"":""RUN-SYN-0020""}",请拨,0.882353,失败,synthetic://SYN-0020.wav,b1cbf1fa4db999a0867c16bc47ed1b5eeee8f2b3cff61bf51a45a9605c96a223,SYN-0020
SYN-0021,会议/办公语音翻译,短句语翻,inputs/SYN-0021.json,"{""type"":""synthetic_audio_fixture"",""path"":""inputs/SYN-0021.json"",""source_id"":""synthetic://SYN-0021.wav"",""data_classification"":""synthetic_engineering_validation"",""subscene_type"":""短句语翻"",""fixture_variant"":""short_translation"",""dialogue_turns"":""-""}","{""duration_ms"":1400,""sample_rate"":16000,""channels"":1,""format"":""wav"",""language"":""普通话"",""speaker_count"":1,""signal_conditions"":[""synthetic"",""clean""]}",普通话,"{""synthetic"":true,""data_classification"":""synthetic_engineering_validation"",""validation_scope"":""synthetic_engineering_validation"",""capability_chain"":""C02"",""source_sha256"":""712220e301702a311e917f11ab4eac9710b702ced9659aad2e74c9cbd5e85651"",""fixture_variant"":""short_translation""}",会议/办公语音翻译,短句语翻,C02,语音识别|机器翻译,"{""transcript"":""请暂停录音"",""translation"":""Please pause the recording"",""intent"":""-"",""slots"":""-"",""expected_action"":""-"",""expected_reply"":""-"",""translation_context"":""-"",""annotation_version"":""fixture-2.0""}",请暂停录音,"{""transcript"":""请暂停录音"",""translation"":""pause the recording"",""intent"":""-"",""slots"":""-"",""action"":""-"",""reply"":""-"",""model_version"":""deterministic-fixture-2.0"",""run_id"":""RUN-SYN-0021""}",请暂停录音,0.000000,通过,synthetic://SYN-0021.wav,712220e301702a311e917f11ab4eac9710b702ced9659aad2e74c9cbd5e85651,SYN-0021
SYN-0022,会议/办公语音翻译,长句/上下文翻译,inputs/SYN-0022.json,"{""type"":""synthetic_audio_fixture"",""path"":""inputs/SYN-0022.json"",""source_id"":""synthetic://SYN-0022.wav"",""data_classification"":""synthetic_engineering_validation"",""subscene_type"":""长句/上下文翻译"",""fixture_variant"":""long_context_translation"",""dialogue_turns"":[{""轮次"":1,""角色"":""主持人"",""内容"":""上下文：销售数据说明""},{""轮次"":2,""角色"":""用户"",""内容"":""我已经把上季度的销售数据放进表格，请保留原始列，并在翻译说明中指出华东区域的异常增长。""}]}","{""duration_ms"":1500,""sample_rate"":16000,""channels"":1,""format"":""wav"",""language"":""普通话"",""speaker_count"":1,""signal_conditions"":[""synthetic"",""clean""]}",普通话,"{""synthetic"":true,""data_classification"":""synthetic_engineering_validation"",""validation_scope"":""synthetic_engineering_validation"",""capability_chain"":""C02"",""source_sha256"":""041ee23133be0e0bd7f454a0e1b5d2a7fbd27f3da19bd7f978032e7b06b57a19"",""fixture_variant"":""long_context_translation""}",会议/办公语音翻译,长句/上下文翻译,C02,语音识别|机器翻译,"{""transcript"":""我已经把上季度的销售数据放进表格，请保留原始列，并在翻译说明中指出华东区域的异常增长。"",""translation"":""I have put last quarter's sales data into the spreadsheet; keep the original columns and point out the unusual growth in East China in the translation notes."",""intent"":""-"",""slots"":""-"",""expected_action"":""-"",""expected_reply"":""-"",""translation_context"":""销售数据说明"",""annotation_version"":""fixture-2.0""}",我已经把上季度的销售数据放进表格，请保留原始列，并在翻译说明中指出华东区域的异常增长。,"{""transcript"":""我已经把上季度的销售数据放进表格，请保留原始列，并在翻译说明中指出华东区域的异常增长"",""translation"":""I have put last quarter's sales data into the spreadsheet; keep the original columns and point out the unusual growth in East China in the translation notes."",""intent"":""-"",""slots"":""-"",""action"":""-"",""reply"":""-"",""model_version"":""deterministic-fixture-2.0"",""run_id"":""RUN-SYN-0022""}",我已经把上季度的销售数据放进表格，请保留原始列，并在翻译说明中指出华东区域的异常增长,0.000000,通过,synthetic://SYN-0022.wav,041ee23133be0e0bd7f454a0e1b5d2a7fbd27f3da19bd7f978032e7b06b57a19,SYN-0022
SYN-0023,车载/语音助手交互,设备控制,inputs/SYN-0023.json,"{""type"":""synthetic_audio_fixture"",""path"":""inputs/SYN-0023.json"",""source_id"":""synthetic://SYN-0023.wav"",""data_classification"":""synthetic_engineering_validation"",""subscene_type"":""设备控制"",""fixture_variant"":""device_control"",""dialogue_turns"":""-""}","{""duration_ms"":1600,""sample_rate"":16000,""channels"":1,""format"":""wav"",""language"":""普通话"",""speaker_count"":1,""signal_conditions"":[""synthetic"",""clean""]}",普通话,"{""synthetic"":true,""data_classification"":""synthetic_engineering_validation"",""validation_scope"":""synthetic_engineering_validation"",""capability_chain"":""C03"",""source_sha256"":""0551ed4ea7fe3c4839d858586f3d8ea9af86bf603d5cc4e3f55eec0e72e1b975"",""fixture_variant"":""device_control""}",车载/语音助手交互,设备控制,C03,语音识别|语义理解|对话生成,"{""transcript"":""请把厨房吊灯关掉"",""translation"":""-"",""intent"":""设备控制"",""slots"":{""设备"":""吊灯"",""位置"":""厨房""},""expected_action"":""turn_off"",""expected_reply"":""已关闭厨房吊灯"",""translation_context"":""-"",""annotation_version"":""fixture-2.0""}",请把厨房吊灯关掉,"{""transcript"":""请把厨房吊灯"",""translation"":""-"",""intent"":""设备控制"",""slots"":{""设备"":""吊灯"",""位置"":""厨房""},""action"":""turn_off"",""reply"":""已关闭厨房吊灯"",""model_version"":""deterministic-fixture-2.0"",""run_id"":""RUN-SYN-0023""}",请把厨房吊灯,0.250000,失败,synthetic://SYN-0023.wav,0551ed4ea7fe3c4839d858586f3d8ea9af86bf603d5cc4e3f55eec0e72e1b975,SYN-0023
SYN-0024,车载/语音助手交互,信息查询/多轮任务,inputs/SYN-0024.json,"{""type"":""synthetic_audio_fixture"",""path"":""inputs/SYN-0024.json"",""source_id"":""synthetic://SYN-0024.wav"",""data_classification"":""synthetic_engineering_validation"",""subscene_type"":""信息查询/多轮任务"",""fixture_variant"":""multi_turn_query"",""dialogue_turns"":[{""轮次"":1,""角色"":""用户"",""内容"":""我想了解深圳的安排。""},{""轮次"":2,""角色"":""系统"",""内容"":""好的，请问你想查询什么？""},{""轮次"":3,""角色"":""用户"",""内容"":""请查询明早深圳的交通信息""}]}","{""duration_ms"":1700,""sample_rate"":16000,""channels"":1,""format"":""wav"",""language"":""普通话"",""speaker_count"":1,""signal_conditions"":[""synthetic"",""clean""]}",普通话,"{""synthetic"":true,""data_classification"":""synthetic_engineering_validation"",""validation_scope"":""synthetic_engineering_validation"",""capability_chain"":""C03"",""source_sha256"":""bfef144556f3ca8e2e6088f0b5113a3ee92f22297b725085ca17701c38bb680b"",""fixture_variant"":""multi_turn_query""}",车载/语音助手交互,信息查询/多轮任务,C03,语音识别|语义理解|对话生成,"{""transcript"":""请查询明早深圳的交通信息"",""translation"":""-"",""intent"":""信息查询"",""slots"":{""地点"":""深圳"",""日期"":""明早""},""expected_action"":""query_traffic"",""expected_reply"":""深圳明早通勤路段预计缓行"",""translation_context"":""-"",""annotation_version"":""fixture-2.0""}",请查询明早深圳的交通信息,"{""transcript"":""请查"",""translation"":""-"",""intent"":""信息查询"",""slots"":{""地点"":""深圳"",""日期"":""明早""},""action"":""query_traffic"",""reply"":""深圳明早通勤路段预计缓行"",""model_version"":""deterministic-fixture-2.0"",""run_id"":""RUN-SYN-0024""}",请查,0.833333,失败,synthetic://SYN-0024.wav,bfef144556f3ca8e2e6088f0b5113a3ee92f22297b725085ca17701c38bb680b,SYN-0024
SYN-0025,短语音/录音转写,普通话口述,inputs/SYN-0025.json,"{""type"":""synthetic_audio_fixture"",""path"":""inputs/SYN-0025.json"",""source_id"":""synthetic://SYN-0025.wav"",""data_classification"":""synthetic_engineering_validation"",""subscene_type"":""普通话口述"",""fixture_variant"":""clean_mandarin"",""dialogue_turns"":""-""}","{""duration_ms"":1800,""sample_rate"":16000,""channels"":1,""format"":""wav"",""language"":""普通话"",""speaker_count"":1,""signal_conditions"":[""synthetic"",""clean""]}",普通话,"{""synthetic"":true,""data_classification"":""synthetic_engineering_validation"",""validation_scope"":""synthetic_engineering_validation"",""capability_chain"":""C01"",""source_sha256"":""d8413befe35770cf11119f6da7050d8bc934e45d4f5bafe00467fd56f2b3682b"",""fixture_variant"":""clean_mandarin""}",短语音/录音转写,普通话口述,C01,语音识别,"{""transcript"":""帮我记录这段关于预算的想法"",""translation"":""-"",""intent"":""-"",""slots"":""-"",""expected_action"":""-"",""expected_reply"":""-"",""translation_context"":""-"",""annotation_version"":""fixture-2.0""}",帮我记录这段关于预算的想法,"{""transcript"":""帮我记录这段关于预算的想法"",""translation"":""-"",""intent"":""-"",""slots"":""-"",""action"":""-"",""reply"":""-"",""model_version"":""deterministic-fixture-2.0"",""run_id"":""RUN-SYN-0025""}",帮我记录这段关于预算的想法,0.000000,通过,synthetic://SYN-0025.wav,d8413befe35770cf11119f6da7050d8bc934e45d4f5bafe00467fd56f2b3682b,SYN-0025
SYN-0026,短语音/录音转写,噪声/数字英文混合,inputs/SYN-0026.json,"{""type"":""synthetic_audio_fixture"",""path"":""inputs/SYN-0026.json"",""source_id"":""synthetic://SYN-0026.wav"",""data_classification"":""synthetic_engineering_validation"",""subscene_type"":""噪声/数字英文混合"",""fixture_variant"":""noise_mixed_alphanumeric"",""dialogue_turns"":""-""}","{""duration_ms"":1900,""sample_rate"":16000,""channels"":1,""format"":""wav"",""language"":""普通话"",""speaker_count"":1,""signal_conditions"":[""synthetic"",""noise"",""mixed_alphanumeric""]}",普通话,"{""synthetic"":true,""data_classification"":""synthetic_engineering_validation"",""validation_scope"":""synthetic_engineering_validation"",""capability_chain"":""C01"",""source_sha256"":""ccb90ac1e9846f22153d3681510b0c68a59e64d2b0dd49835fff33df8573ece5"",""fixture_variant"":""noise_mixed_alphanumeric""}",短语音/录音转写,噪声/数字英文混合,C01,语音识别,"{""transcript"":""将文件版本标记为 release-v2"",""translation"":""-"",""intent"":""-"",""slots"":""-"",""expected_action"":""-"",""expected_reply"":""-"",""translation_context"":""-"",""annotation_version"":""fixture-2.0""}",将文件版本标记为 release-v2,"{""transcript"":""将文件版本标记为 release-v"",""translation"":""-"",""intent"":""-"",""slots"":""-"",""action"":""-"",""reply"":""-"",""model_version"":""deterministic-fixture-2.0"",""run_id"":""RUN-SYN-0026""}",将文件版本标记为 release-v,0.058824,通过,synthetic://SYN-0026.wav,ccb90ac1e9846f22153d3681510b0c68a59e64d2b0dd49835fff33df8573ece5,SYN-0026
SYN-0027,会议/办公语音翻译,短句语翻,inputs/SYN-0027.json,"{""type"":""synthetic_audio_fixture"",""path"":""inputs/SYN-0027.json"",""source_id"":""synthetic://SYN-0027.wav"",""data_classification"":""synthetic_engineering_validation"",""subscene_type"":""短句语翻"",""fixture_variant"":""short_translation"",""dialogue_turns"":""-""}","{""duration_ms"":2000,""sample_rate"":16000,""channels"":1,""format"":""wav"",""language"":""普通话"",""speaker_count"":1,""signal_conditions"":[""synthetic"",""clean""]}",普通话,"{""synthetic"":true,""data_classification"":""synthetic_engineering_validation"",""validation_scope"":""synthetic_engineering_validation"",""capability_chain"":""C02"",""source_sha256"":""61649a19ee7198020340d6a4ea554e1415aa2d04099ad5c8d4ccd41e4fa828d5"",""fixture_variant"":""short_translation""}",会议/办公语音翻译,短句语翻,C02,语音识别|机器翻译,"{""transcript"":""把这句话翻成英文"",""translation"":""Translate this sentence into English"",""intent"":""-"",""slots"":""-"",""expected_action"":""-"",""expected_reply"":""-"",""translation_context"":""-"",""annotation_version"":""fixture-2.0""}",把这句话翻成英文,"{""transcript"":""把这句话翻成"",""translation"":""Translate this sentence into English"",""intent"":""-"",""slots"":""-"",""action"":""-"",""reply"":""-"",""model_version"":""deterministic-fixture-2.0"",""run_id"":""RUN-SYN-0027""}",把这句话翻成,0.250000,失败,synthetic://SYN-0027.wav,61649a19ee7198020340d6a4ea554e1415aa2d04099ad5c8d4ccd41e4fa828d5,SYN-0027
SYN-0028,会议/办公语音翻译,长句/上下文翻译,inputs/SYN-0028.json,"{""type"":""synthetic_audio_fixture"",""path"":""inputs/SYN-0028.json"",""source_id"":""synthetic://SYN-0028.wav"",""data_classification"":""synthetic_engineering_validation"",""subscene_type"":""长句/上下文翻译"",""fixture_variant"":""long_context_translation"",""dialogue_turns"":[{""轮次"":1,""角色"":""主持人"",""内容"":""上下文：培训地点预案""},{""轮次"":2,""角色"":""用户"",""内容"":""如果明天上午仍然下雨，就把户外培训改到会议室，并通知所有报名人员新的签到地点。""}]}","{""duration_ms"":1200,""sample_rate"":16000,""channels"":1,""format"":""wav"",""language"":""普通话"",""speaker_count"":1,""signal_conditions"":[""synthetic"",""clean""]}",普通话,"{""synthetic"":true,""data_classification"":""synthetic_engineering_validation"",""validation_scope"":""synthetic_engineering_validation"",""capability_chain"":""C02"",""source_sha256"":""e1095af9b59cf36627a5437d200f4b14ce434333bc9dfa5ef13c55c487785b54"",""fixture_variant"":""long_context_translation""}",会议/办公语音翻译,长句/上下文翻译,C02,语音识别|机器翻译,"{""transcript"":""如果明天上午仍然下雨，就把户外培训改到会议室，并通知所有报名人员新的签到地点。"",""translation"":""If it is still raining tomorrow morning, move the outdoor training to a meeting room and notify everyone who registered of the new check-in location."",""intent"":""-"",""slots"":""-"",""expected_action"":""-"",""expected_reply"":""-"",""translation_context"":""培训地点预案"",""annotation_version"":""fixture-2.0""}",如果明天上午仍然下雨，就把户外培训改到会议室，并通知所有报名人员新的签到地点。,"{""transcript"":""如果"",""translation"":""If it is still raining tomorrow morning, move the outdoor training to a meeting room and notify everyone who registered of the new check-in location."",""intent"":""-"",""slots"":""-"",""action"":""-"",""reply"":""-"",""model_version"":""deterministic-fixture-2.0"",""run_id"":""RUN-SYN-0028""}",如果,0.944444,失败,synthetic://SYN-0028.wav,e1095af9b59cf36627a5437d200f4b14ce434333bc9dfa5ef13c55c487785b54,SYN-0028
SYN-0029,车载/语音助手交互,设备控制,inputs/SYN-0029.json,"{""type"":""synthetic_audio_fixture"",""path"":""inputs/SYN-0029.json"",""source_id"":""synthetic://SYN-0029.wav"",""data_classification"":""synthetic_engineering_validation"",""subscene_type"":""设备控制"",""fixture_variant"":""device_control"",""dialogue_turns"":""-""}","{""duration_ms"":1300,""sample_rate"":16000,""channels"":1,""format"":""wav"",""language"":""普通话"",""speaker_count"":1,""signal_conditions"":[""synthetic"",""clean""]}",普通话,"{""synthetic"":true,""data_classification"":""synthetic_engineering_validation"",""validation_scope"":""synthetic_engineering_validation"",""capability_chain"":""C03"",""source_sha256"":""99d95733ee4c6ddaa283e8989ba05fe9808186dc52d7a944607c39fc8b17b394"",""fixture_variant"":""device_control""}",车载/语音助手交互,设备控制,C03,语音识别|语义理解|对话生成,"{""transcript"":""把客厅窗帘拉开"",""translation"":""-"",""intent"":""设备控制"",""slots"":{""设备"":""窗帘"",""位置"":""客厅""},""expected_action"":""open"",""expected_reply"":""已拉开客厅窗帘"",""translation_context"":""-"",""annotation_version"":""fixture-2.0""}",把客厅窗帘拉开,"{""transcript"":""把客厅窗帘拉开"",""translation"":""-"",""intent"":""设备控制"",""slots"":{""设备"":""窗帘"",""位置"":""客厅""},""action"":""open"",""reply"":""已拉开客厅窗帘"",""model_version"":""deterministic-fixture-2.0"",""run_id"":""RUN-SYN-0029""}",把客厅窗帘拉开,0.000000,通过,synthetic://SYN-0029.wav,99d95733ee4c6ddaa283e8989ba05fe9808186dc52d7a944607c39fc8b17b394,SYN-0029
SYN-0030,车载/语音助手交互,信息查询/多轮任务,inputs/SYN-0030.json,"{""type"":""synthetic_audio_fixture"",""path"":""inputs/SYN-0030.json"",""source_id"":""synthetic://SYN-0030.wav"",""data_classification"":""synthetic_engineering_validation"",""subscene_type"":""信息查询/多轮任务"",""fixture_variant"":""multi_turn_query"",""dialogue_turns"":[{""轮次"":1,""角色"":""用户"",""内容"":""我想了解杭州的安排。""},{""轮次"":2,""角色"":""系统"",""内容"":""好的，请问你想查询什么？""},{""轮次"":3,""角色"":""用户"",""内容"":""请查询下周一杭州的日程信息""}]}","{""duration_ms"":1400,""sample_rate"":16000,""channels"":1,""format"":""wav"",""language"":""普通话"",""speaker_count"":1,""signal_conditions"":[""synthetic"",""clean""]}",普通话,"{""synthetic"":true,""data_classification"":""synthetic_engineering_validation"",""validation_scope"":""synthetic_engineering_validation"",""capability_chain"":""C03"",""source_sha256"":""4877a218921f29e25af2ade5e4165e5c0b4f5df186178ab70fd264fab227781f"",""fixture_variant"":""multi_turn_query""}",车载/语音助手交互,信息查询/多轮任务,C03,语音识别|语义理解|对话生成,"{""transcript"":""请查询下周一杭州的日程信息"",""translation"":""-"",""intent"":""信息查询"",""slots"":{""地点"":""杭州"",""日期"":""下周一""},""expected_action"":""query_calendar"",""expected_reply"":""杭州下周一有客户会议"",""translation_context"":""-"",""annotation_version"":""fixture-2.0""}",请查询下周一杭州的日程信息,"{""transcript"":""请查询下周一杭州的日程信"",""translation"":""-"",""intent"":""信息查询"",""slots"":{""地点"":""杭州"",""日期"":""下周一""},""action"":""query_calendar"",""reply"":""杭州下周一有客户会议"",""model_version"":""deterministic-fixture-2.0"",""run_id"":""RUN-SYN-0030""}",请查询下周一杭州的日程信,0.076923,通过,synthetic://SYN-0030.wav,4877a218921f29e25af2ade5e4165e5c0b4f5df186178ab70fd264fab227781f,SYN-0030
SYN-0031,短语音/录音转写,普通话口述,inputs/SYN-0031.json,"{""type"":""synthetic_audio_fixture"",""path"":""inputs/SYN-0031.json"",""source_id"":""synthetic://SYN-0031.wav"",""data_classification"":""synthetic_engineering_validation"",""subscene_type"":""普通话口述"",""fixture_variant"":""clean_mandarin"",""dialogue_turns"":""-""}","{""duration_ms"":1500,""sample_rate"":16000,""channels"":1,""format"":""wav"",""language"":""普通话"",""speaker_count"":1,""signal_conditions"":[""synthetic"",""clean""]}",普通话,"{""synthetic"":true,""data_classification"":""synthetic_engineering_validation"",""validation_scope"":""synthetic_engineering_validation"",""capability_chain"":""C01"",""source_sha256"":""f245c5bb1e0350f9053b290bd5dde05571f8b3a9269c9c74a7fbcd3eb3995231"",""fixture_variant"":""clean_mandarin""}",短语音/录音转写,普通话口述,C01,语音识别,"{""transcript"":""请把客厅的窗帘关上"",""translation"":""-"",""intent"":""-"",""slots"":""-"",""expected_action"":""-"",""expected_reply"":""-"",""translation_context"":""-"",""annotation_version"":""fixture-2.0""}",请把客厅的窗帘关上,"{""transcript"":""请把客厅的窗帘"",""translation"":""-"",""intent"":""-"",""slots"":""-"",""action"":""-"",""reply"":""-"",""model_version"":""deterministic-fixture-2.0"",""run_id"":""RUN-SYN-0031""}",请把客厅的窗帘,0.222222,失败,synthetic://SYN-0031.wav,f245c5bb1e0350f9053b290bd5dde05571f8b3a9269c9c74a7fbcd3eb3995231,SYN-0031
SYN-0032,短语音/录音转写,噪声/数字英文混合,inputs/SYN-0032.json,"{""type"":""synthetic_audio_fixture"",""path"":""inputs/SYN-0032.json"",""source_id"":""synthetic://SYN-0032.wav"",""data_classification"":""synthetic_engineering_validation"",""subscene_type"":""噪声/数字英文混合"",""fixture_variant"":""noise_mixed_alphanumeric"",""dialogue_turns"":""-""}","{""duration_ms"":1600,""sample_rate"":16000,""channels"":1,""format"":""wav"",""language"":""普通话"",""speaker_count"":1,""signal_conditions"":[""synthetic"",""noise"",""mixed_alphanumeric""]}",普通话,"{""synthetic"":true,""data_classification"":""synthetic_engineering_validation"",""validation_scope"":""synthetic_engineering_validation"",""capability_chain"":""C01"",""source_sha256"":""184f02b14d79a685f720565c0b0b64706c8cfc2d1cefd6035aad86d8a4e55c41"",""fixture_variant"":""noise_mixed_alphanumeric""}",短语音/录音转写,噪声/数字英文混合,C01,语音识别,"{""transcript"":""把温度从 23 度调到 25 度"",""translation"":""-"",""intent"":""-"",""slots"":""-"",""expected_action"":""-"",""expected_reply"":""-"",""translation_context"":""-"",""annotation_version"":""fixture-2.0""}",把温度从 23 度调到 25 度,"{""transcript"":""把温"",""translation"":""-"",""intent"":""-"",""slots"":""-"",""action"":""-"",""reply"":""-"",""model_version"":""deterministic-fixture-2.0"",""run_id"":""RUN-SYN-0032""}",把温,0.833333,失败,synthetic://SYN-0032.wav,184f02b14d79a685f720565c0b0b64706c8cfc2d1cefd6035aad86d8a4e55c41,SYN-0032
SYN-0033,会议/办公语音翻译,短句语翻,inputs/SYN-0033.json,"{""type"":""synthetic_audio_fixture"",""path"":""inputs/SYN-0033.json"",""source_id"":""synthetic://SYN-0033.wav"",""data_classification"":""synthetic_engineering_validation"",""subscene_type"":""短句语翻"",""fixture_variant"":""short_translation"",""dialogue_turns"":""-""}","{""duration_ms"":1700,""sample_rate"":16000,""channels"":1,""format"":""wav"",""language"":""普通话"",""speaker_count"":1,""signal_conditions"":[""synthetic"",""clean""]}",普通话,"{""synthetic"":true,""data_classification"":""synthetic_engineering_validation"",""validation_scope"":""synthetic_engineering_validation"",""capability_chain"":""C02"",""source_sha256"":""cb9913168e75920338b9b37513d732d0fcf8e7d6a4ae111bd1baf9442b78919f"",""fixture_variant"":""short_translation""}",会议/办公语音翻译,短句语翻,C02,语音识别|机器翻译,"{""transcript"":""提醒我下午开会"",""translation"":""Remind me about the meeting this afternoon"",""intent"":""-"",""slots"":""-"",""expected_action"":""-"",""expected_reply"":""-"",""translation_context"":""-"",""annotation_version"":""fixture-2.0""}",提醒我下午开会,"{""transcript"":""提醒我下午开会"",""translation"":""Remind me about the meeting this afternoon"",""intent"":""-"",""slots"":""-"",""action"":""-"",""reply"":""-"",""model_version"":""deterministic-fixture-2.0"",""run_id"":""RUN-SYN-0033""}",提醒我下午开会,0.000000,通过,synthetic://SYN-0033.wav,cb9913168e75920338b9b37513d732d0fcf8e7d6a4ae111bd1baf9442b78919f,SYN-0033
SYN-0034,会议/办公语音翻译,长句/上下文翻译,inputs/SYN-0034.json,"{""type"":""synthetic_audio_fixture"",""path"":""inputs/SYN-0034.json"",""source_id"":""synthetic://SYN-0034.wav"",""data_classification"":""synthetic_engineering_validation"",""subscene_type"":""长句/上下文翻译"",""fixture_variant"":""long_context_translation"",""dialogue_turns"":[{""轮次"":1,""角色"":""主持人"",""内容"":""上下文：帮助文档更新""},{""轮次"":2,""角色"":""用户"",""内容"":""请根据产品经理的补充说明更新帮助文档，同时保留旧版截图，方便客服比较两个版本的差异。""}]}","{""duration_ms"":1800,""sample_rate"":16000,""channels"":1,""format"":""wav"",""language"":""普通话"",""speaker_count"":1,""signal_conditions"":[""synthetic"",""clean""]}",普通话,"{""synthetic"":true,""data_classification"":""synthetic_engineering_validation"",""validation_scope"":""synthetic_engineering_validation"",""capability_chain"":""C02"",""source_sha256"":""579d97a71645ec85f87f8ac1ad130a361b7fd764722c363261aaf38ffba49bc3"",""fixture_variant"":""long_context_translation""}",会议/办公语音翻译,长句/上下文翻译,C02,语音识别|机器翻译,"{""transcript"":""请根据产品经理的补充说明更新帮助文档，同时保留旧版截图，方便客服比较两个版本的差异。"",""translation"":""Update the help document according to the product manager's additional notes, while keeping the old screenshots so customer service can compare the two versions."",""intent"":""-"",""slots"":""-"",""expected_action"":""-"",""expected_reply"":""-"",""translation_context"":""帮助文档更新"",""annotation_version"":""fixture-2.0""}",请根据产品经理的补充说明更新帮助文档，同时保留旧版截图，方便客服比较两个版本的差异。,"{""transcript"":""请根据产品经理的补充说明更新帮助文档，同时保留旧版截图，方便客服比较两个版本的差异"",""translation"":""Update the help document according to the product manager's additional notes, while keeping the old screenshots so customer service can compare the two versions."",""intent"":""-"",""slots"":""-"",""action"":""-"",""reply"":""-"",""model_version"":""deterministic-fixture-2.0"",""run_id"":""RUN-SYN-0034""}",请根据产品经理的补充说明更新帮助文档，同时保留旧版截图，方便客服比较两个版本的差异,0.000000,通过,synthetic://SYN-0034.wav,579d97a71645ec85f87f8ac1ad130a361b7fd764722c363261aaf38ffba49bc3,SYN-0034
SYN-0035,车载/语音助手交互,设备控制,inputs/SYN-0035.json,"{""type"":""synthetic_audio_fixture"",""path"":""inputs/SYN-0035.json"",""source_id"":""synthetic://SYN-0035.wav"",""data_classification"":""synthetic_engineering_validation"",""subscene_type"":""设备控制"",""fixture_variant"":""device_control"",""dialogue_turns"":""-""}","{""duration_ms"":1900,""sample_rate"":16000,""channels"":1,""format"":""wav"",""language"":""普通话"",""speaker_count"":1,""signal_conditions"":[""synthetic"",""clean""]}",普通话,"{""synthetic"":true,""data_classification"":""synthetic_engineering_validation"",""validation_scope"":""synthetic_engineering_validation"",""capability_chain"":""C03"",""source_sha256"":""515737f78aca84a8f0ba828b53302deacdf7e3a45df4554f0781f699a97da649"",""fixture_variant"":""device_control""}",车载/语音助手交互,设备控制,C03,语音识别|语义理解|对话生成,"{""transcript"":""把阳台窗帘合上"",""translation"":""-"",""intent"":""设备控制"",""slots"":{""设备"":""窗帘"",""位置"":""阳台""},""expected_action"":""close"",""expected_reply"":""已合上阳台窗帘"",""translation_context"":""-"",""annotation_version"":""fixture-2.0""}",把阳台窗帘合上,"{""transcript"":""把阳台窗帘"",""translation"":""-"",""intent"":""设备控制"",""slots"":{""设备"":""窗帘"",""位置"":""阳台""},""action"":""close"",""reply"":""已合上阳台窗帘"",""model_version"":""deterministic-fixture-2.0"",""run_id"":""RUN-SYN-0035""}",把阳台窗帘,0.285714,失败,synthetic://SYN-0035.wav,515737f78aca84a8f0ba828b53302deacdf7e3a45df4554f0781f699a97da649,SYN-0035
SYN-0036,车载/语音助手交互,信息查询/多轮任务,inputs/SYN-0036.json,"{""type"":""synthetic_audio_fixture"",""path"":""inputs/SYN-0036.json"",""source_id"":""synthetic://SYN-0036.wav"",""data_classification"":""synthetic_engineering_validation"",""subscene_type"":""信息查询/多轮任务"",""fixture_variant"":""multi_turn_query"",""dialogue_turns"":[{""轮次"":1,""角色"":""用户"",""内容"":""我想了解成都的安排。""},{""轮次"":2,""角色"":""系统"",""内容"":""好的，请问你想查询什么？""},{""轮次"":3,""角色"":""用户"",""内容"":""请查询今天成都的航班信息""}]}","{""duration_ms"":2000,""sample_rate"":16000,""channels"":1,""format"":""wav"",""language"":""普通话"",""speaker_count"":1,""signal_conditions"":[""synthetic"",""clean""]}",普通话,"{""synthetic"":true,""data_classification"":""synthetic_engineering_validation"",""validation_scope"":""synthetic_engineering_validation"",""capability_chain"":""C03"",""source_sha256"":""db4d93220690c843bc91ab54f1b0488ebaf6bea57b7c2855ca60d9e2d0316794"",""fixture_variant"":""multi_turn_query""}",车载/语音助手交互,信息查询/多轮任务,C03,语音识别|语义理解|对话生成,"{""transcript"":""请查询今天成都的航班信息"",""translation"":""-"",""intent"":""信息查询"",""slots"":{""地点"":""成都"",""日期"":""今天""},""expected_action"":""query_flight"",""expected_reply"":""成都今天有两趟已保存航班"",""translation_context"":""-"",""annotation_version"":""fixture-2.0""}",请查询今天成都的航班信息,"{""transcript"":""请查"",""translation"":""-"",""intent"":""信息查询"",""slots"":{""地点"":""成都"",""日期"":""今天""},""action"":""query_flight"",""reply"":""成都今天有两趟已保存航班"",""model_version"":""deterministic-fixture-2.0"",""run_id"":""RUN-SYN-0036""}",请查,0.833333,失败,synthetic://SYN-0036.wav,db4d93220690c843bc91ab54f1b0488ebaf6bea57b7c2855ca60d9e2d0316794,SYN-0036
SYN-0037,短语音/录音转写,普通话口述,inputs/SYN-0037.json,"{""type"":""synthetic_audio_fixture"",""path"":""inputs/SYN-0037.json"",""source_id"":""synthetic://SYN-0037.wav"",""data_classification"":""synthetic_engineering_validation"",""subscene_type"":""普通话口述"",""fixture_variant"":""clean_mandarin"",""dialogue_turns"":""-""}","{""duration_ms"":1200,""sample_rate"":16000,""channels"":1,""format"":""wav"",""language"":""普通话"",""speaker_count"":1,""signal_conditions"":[""synthetic"",""clean""]}",普通话,"{""synthetic"":true,""data_classification"":""synthetic_engineering_validation"",""validation_scope"":""synthetic_engineering_validation"",""capability_chain"":""C01"",""source_sha256"":""246b6e6c6295959ea6cd63c43b9d21da864354501f969932daf48ab7f3df2e50"",""fixture_variant"":""clean_mandarin""}",短语音/录音转写,普通话口述,C01,语音识别,"{""transcript"":""把本周的销售数据整理成摘要"",""translation"":""-"",""intent"":""-"",""slots"":""-"",""expected_action"":""-"",""expected_reply"":""-"",""translation_context"":""-"",""annotation_version"":""fixture-2.0""}",把本周的销售数据整理成摘要,"{""transcript"":""把本周的销售数据整理成摘要"",""translation"":""-"",""intent"":""-"",""slots"":""-"",""action"":""-"",""reply"":""-"",""model_version"":""deterministic-fixture-2.0"",""run_id"":""RUN-SYN-0037""}",把本周的销售数据整理成摘要,0.000000,通过,synthetic://SYN-0037.wav,246b6e6c6295959ea6cd63c43b9d21da864354501f969932daf48ab7f3df2e50,SYN-0037
SYN-0038,短语音/录音转写,噪声/数字英文混合,inputs/SYN-0038.json,"{""type"":""synthetic_audio_fixture"",""path"":""inputs/SYN-0038.json"",""source_id"":""synthetic://SYN-0038.wav"",""data_classification"":""synthetic_engineering_validation"",""subscene_type"":""噪声/数字英文混合"",""fixture_variant"":""noise_mixed_alphanumeric"",""dialogue_turns"":""-""}","{""duration_ms"":1300,""sample_rate"":16000,""channels"":1,""format"":""wav"",""language"":""普通话"",""speaker_count"":1,""signal_conditions"":[""synthetic"",""noise"",""mixed_alphanumeric""]}",普通话,"{""synthetic"":true,""data_classification"":""synthetic_engineering_validation"",""validation_scope"":""synthetic_engineering_validation"",""capability_chain"":""C01"",""source_sha256"":""0da2c0e550786602f8c62e4e33a44e712f64e5ae06bc026d834d42f1c8f496d5"",""fixture_variant"":""noise_mixed_alphanumeric""}",短语音/录音转写,噪声/数字英文混合,C01,语音识别,"{""transcript"":""会议室 B203 的门禁密码是 5816"",""translation"":""-"",""intent"":""-"",""slots"":""-"",""expected_action"":""-"",""expected_reply"":""-"",""translation_context"":""-"",""annotation_version"":""fixture-2.0""}",会议室 B203 的门禁密码是 5816,"{""transcript"":""会议室 B203 的门禁密码是 581"",""translation"":""-"",""intent"":""-"",""slots"":""-"",""action"":""-"",""reply"":""-"",""model_version"":""deterministic-fixture-2.0"",""run_id"":""RUN-SYN-0038""}",会议室 B203 的门禁密码是 581,0.058824,通过,synthetic://SYN-0038.wav,0da2c0e550786602f8c62e4e33a44e712f64e5ae06bc026d834d42f1c8f496d5,SYN-0038
SYN-0039,会议/办公语音翻译,短句语翻,inputs/SYN-0039.json,"{""type"":""synthetic_audio_fixture"",""path"":""inputs/SYN-0039.json"",""source_id"":""synthetic://SYN-0039.wav"",""data_classification"":""synthetic_engineering_validation"",""subscene_type"":""短句语翻"",""fixture_variant"":""short_translation"",""dialogue_turns"":""-""}","{""duration_ms"":1400,""sample_rate"":16000,""channels"":1,""format"":""wav"",""language"":""普通话"",""speaker_count"":1,""signal_conditions"":[""synthetic"",""clean""]}",普通话,"{""synthetic"":true,""data_classification"":""synthetic_engineering_validation"",""validation_scope"":""synthetic_engineering_validation"",""capability_chain"":""C02"",""source_sha256"":""34efbe0c652336bba5cd2544dea8a74805eb72b74a8b43d7204676d32e8c6777"",""fixture_variant"":""short_translation""}",会议/办公语音翻译,短句语翻,C02,语音识别|机器翻译,"{""transcript"":""导出本周报告"",""translation"":""Export this week's report"",""intent"":""-"",""slots"":""-"",""expected_action"":""-"",""expected_reply"":""-"",""translation_context"":""-"",""annotation_version"":""fixture-2.0""}",导出本周报告,"{""transcript"":""导出本周"",""translation"":""Export this week's report"",""intent"":""-"",""slots"":""-"",""action"":""-"",""reply"":""-"",""model_version"":""deterministic-fixture-2.0"",""run_id"":""RUN-SYN-0039""}",导出本周,0.333333,失败,synthetic://SYN-0039.wav,34efbe0c652336bba5cd2544dea8a74805eb72b74a8b43d7204676d32e8c6777,SYN-0039
SYN-0040,会议/办公语音翻译,长句/上下文翻译,inputs/SYN-0040.json,"{""type"":""synthetic_audio_fixture"",""path"":""inputs/SYN-0040.json"",""source_id"":""synthetic://SYN-0040.wav"",""data_classification"":""synthetic_engineering_validation"",""subscene_type"":""长句/上下文翻译"",""fixture_variant"":""long_context_translation"",""dialogue_turns"":[{""轮次"":1,""角色"":""主持人"",""内容"":""上下文：版本发布流程""},{""轮次"":2,""角色"":""用户"",""内容"":""在发布新版本之前，先核对数据库迁移脚本和回滚步骤，再把检查结果同步给值班同事。""}]}","{""duration_ms"":1500,""sample_rate"":16000,""channels"":1,""format"":""wav"",""language"":""普通话"",""speaker_count"":1,""signal_conditions"":[""synthetic"",""clean""]}",普通话,"{""synthetic"":true,""data_classification"":""synthetic_engineering_validation"",""validation_scope"":""synthetic_engineering_validation"",""capability_chain"":""C02"",""source_sha256"":""cc190fab30d9374f360c9209dc3e0789135821b3161afdf6dd13b2bde827f560"",""fixture_variant"":""long_context_translation""}",会议/办公语音翻译,长句/上下文翻译,C02,语音识别|机器翻译,"{""transcript"":""在发布新版本之前，先核对数据库迁移脚本和回滚步骤，再把检查结果同步给值班同事。"",""translation"":""Before releasing the new version, check the database migration script and rollback steps, then share the check results with the colleague on duty."",""intent"":""-"",""slots"":""-"",""expected_action"":""-"",""expected_reply"":""-"",""translation_context"":""版本发布流程"",""annotation_version"":""fixture-2.0""}",在发布新版本之前，先核对数据库迁移脚本和回滚步骤，再把检查结果同步给值班同事。,"{""transcript"":""在发"",""translation"":""Before releasing the new version, check the database migration script and rollback steps, then share the check results with the colleague on duty."",""intent"":""-"",""slots"":""-"",""action"":""-"",""reply"":""-"",""model_version"":""deterministic-fixture-2.0"",""run_id"":""RUN-SYN-0040""}",在发,0.944444,失败,synthetic://SYN-0040.wav,cc190fab30d9374f360c9209dc3e0789135821b3161afdf6dd13b2bde827f560,SYN-0040
SYN-0041,车载/语音助手交互,设备控制,inputs/SYN-0041.json,"{""type"":""synthetic_audio_fixture"",""path"":""inputs/SYN-0041.json"",""source_id"":""synthetic://SYN-0041.wav"",""data_classification"":""synthetic_engineering_validation"",""subscene_type"":""设备控制"",""fixture_variant"":""device_control"",""dialogue_turns"":""-""}","{""duration_ms"":1600,""sample_rate"":16000,""channels"":1,""format"":""wav"",""language"":""普通话"",""speaker_count"":1,""signal_conditions"":[""synthetic"",""clean""]}",普通话,"{""synthetic"":true,""data_classification"":""synthetic_engineering_validation"",""validation_scope"":""synthetic_engineering_validation"",""capability_chain"":""C03"",""source_sha256"":""a87e6f292597e1dc4137f818de513fe236893e669e3d25bf4969851664c53d5a"",""fixture_variant"":""device_control""}",车载/语音助手交互,设备控制,C03,语音识别|语义理解|对话生成,"{""transcript"":""把办公室风扇调到二档"",""translation"":""-"",""intent"":""设备控制"",""slots"":{""设备"":""风扇"",""位置"":""办公室"",""档位"":2},""expected_action"":""set_speed"",""expected_reply"":""办公室风扇已调到二档"",""translation_context"":""-"",""annotation_version"":""fixture-2.0""}",把办公室风扇调到二档,"{""transcript"":""把办公室风扇调到二档"",""translation"":""-"",""intent"":""设备控制"",""slots"":{""设备"":""风扇"",""位置"":""办公室"",""档位"":2},""action"":""set_speed"",""reply"":""办公室风扇已调到二档"",""model_version"":""deterministic-fixture-2.0"",""run_id"":""RUN-SYN-0041""}",把办公室风扇调到二档,0.000000,通过,synthetic://SYN-0041.wav,a87e6f292597e1dc4137f818de513fe236893e669e3d25bf4969851664c53d5a,SYN-0041
SYN-0042,车载/语音助手交互,信息查询/多轮任务,inputs/SYN-0042.json,"{""type"":""synthetic_audio_fixture"",""path"":""inputs/SYN-0042.json"",""source_id"":""synthetic://SYN-0042.wav"",""data_classification"":""synthetic_engineering_validation"",""subscene_type"":""信息查询/多轮任务"",""fixture_variant"":""multi_turn_query"",""dialogue_turns"":[{""轮次"":1,""角色"":""用户"",""内容"":""我想了解南京的安排。""},{""轮次"":2,""角色"":""系统"",""内容"":""好的，请问你想查询什么？""},{""轮次"":3,""角色"":""用户"",""内容"":""请查询周末南京的活动信息""}]}","{""duration_ms"":1700,""sample_rate"":16000,""channels"":1,""format"":""wav"",""language"":""普通话"",""speaker_count"":1,""signal_conditions"":[""synthetic"",""clean""]}",普通话,"{""synthetic"":true,""data_classification"":""synthetic_engineering_validation"",""validation_scope"":""synthetic_engineering_validation"",""capability_chain"":""C03"",""source_sha256"":""766fdaa3b61dbe49d6ca63ad6b20861393dc7a52b3ac30e62d0f1d61b86b9271"",""fixture_variant"":""multi_turn_query""}",车载/语音助手交互,信息查询/多轮任务,C03,语音识别|语义理解|对话生成,"{""transcript"":""请查询周末南京的活动信息"",""translation"":""-"",""intent"":""信息查询"",""slots"":{""地点"":""南京"",""日期"":""周末""},""expected_action"":""query_events"",""expected_reply"":""南京周末有三场已收藏活动"",""translation_context"":""-"",""annotation_version"":""fixture-2.0""}",请查询周末南京的活动信息,"{""transcript"":""请查询周末南京的活动信"",""translation"":""-"",""intent"":""信息查询"",""slots"":{""地点"":""南京"",""日期"":""周末""},""action"":""query_events"",""reply"":""南京周末有三场已收藏活动"",""model_version"":""deterministic-fixture-2.0"",""run_id"":""RUN-SYN-0042""}",请查询周末南京的活动信,0.083333,通过,synthetic://SYN-0042.wav,766fdaa3b61dbe49d6ca63ad6b20861393dc7a52b3ac30e62d0f1d61b86b9271,SYN-0042
SYN-0043,短语音/录音转写,普通话口述,inputs/SYN-0043.json,"{""type"":""synthetic_audio_fixture"",""path"":""inputs/SYN-0043.json"",""source_id"":""synthetic://SYN-0043.wav"",""data_classification"":""synthetic_engineering_validation"",""subscene_type"":""普通话口述"",""fixture_variant"":""clean_mandarin"",""dialogue_turns"":""-""}","{""duration_ms"":1800,""sample_rate"":16000,""channels"":1,""format"":""wav"",""language"":""普通话"",""speaker_count"":1,""signal_conditions"":[""synthetic"",""clean""]}",普通话,"{""synthetic"":true,""data_classification"":""synthetic_engineering_validation"",""validation_scope"":""synthetic_engineering_validation"",""capability_chain"":""C01"",""source_sha256"":""465ddb9575ec71bc8a58e1937dde06d61d00e06e79dd1dbb222cc4630f0ce448"",""fixture_variant"":""clean_mandarin""}",短语音/录音转写,普通话口述,C01,语音识别,"{""transcript"":""提醒王芳下班前确认合同"",""translation"":""-"",""intent"":""-"",""slots"":""-"",""expected_action"":""-"",""expected_reply"":""-"",""translation_context"":""-"",""annotation_version"":""fixture-2.0""}",提醒王芳下班前确认合同,"{""transcript"":""提醒王芳下班前确认"",""translation"":""-"",""intent"":""-"",""slots"":""-"",""action"":""-"",""reply"":""-"",""model_version"":""deterministic-fixture-2.0"",""run_id"":""RUN-SYN-0043""}",提醒王芳下班前确认,0.181818,需关注,synthetic://SYN-0043.wav,465ddb9575ec71bc8a58e1937dde06d61d00e06e79dd1dbb222cc4630f0ce448,SYN-0043
SYN-0044,短语音/录音转写,噪声/数字英文混合,inputs/SYN-0044.json,"{""type"":""synthetic_audio_fixture"",""path"":""inputs/SYN-0044.json"",""source_id"":""synthetic://SYN-0044.wav"",""data_classification"":""synthetic_engineering_validation"",""subscene_type"":""噪声/数字英文混合"",""fixture_variant"":""noise_mixed_alphanumeric"",""dialogue_turns"":""-""}","{""duration_ms"":1900,""sample_rate"":16000,""channels"":1,""format"":""wav"",""language"":""普通话"",""speaker_count"":1,""signal_conditions"":[""synthetic"",""noise"",""mixed_alphanumeric""]}",普通话,"{""synthetic"":true,""data_classification"":""synthetic_engineering_validation"",""validation_scope"":""synthetic_engineering_validation"",""capability_chain"":""C01"",""source_sha256"":""6ae019e877e0b55f36f9e7b6c15d01a3b24cea460a7638b86763a3b1f3274b9e"",""fixture_variant"":""noise_mixed_alphanumeric""}",短语音/录音转写,噪声/数字英文混合,C01,语音识别,"{""transcript"":""请在 18:30 播放 English 新闻"",""translation"":""-"",""intent"":""-"",""slots"":""-"",""expected_action"":""-"",""expected_reply"":""-"",""translation_context"":""-"",""annotation_version"":""fixture-2.0""}",请在 18:30 播放 English 新闻,"{""transcript"":""请在"",""translation"":""-"",""intent"":""-"",""slots"":""-"",""action"":""-"",""reply"":""-"",""model_version"":""deterministic-fixture-2.0"",""run_id"":""RUN-SYN-0044""}",请在,0.882353,失败,synthetic://SYN-0044.wav,6ae019e877e0b55f36f9e7b6c15d01a3b24cea460a7638b86763a3b1f3274b9e,SYN-0044
SYN-0045,会议/办公语音翻译,短句语翻,inputs/SYN-0045.json,"{""type"":""synthetic_audio_fixture"",""path"":""inputs/SYN-0045.json"",""source_id"":""synthetic://SYN-0045.wav"",""data_classification"":""synthetic_engineering_validation"",""subscene_type"":""短句语翻"",""fixture_variant"":""short_translation"",""dialogue_turns"":""-""}","{""duration_ms"":2000,""sample_rate"":16000,""channels"":1,""format"":""wav"",""language"":""普通话"",""speaker_count"":1,""signal_conditions"":[""synthetic"",""clean""]}",普通话,"{""synthetic"":true,""data_classification"":""synthetic_engineering_validation"",""validation_scope"":""synthetic_engineering_validation"",""capability_chain"":""C02"",""source_sha256"":""133dd24a9ec5d9c1e6ba3e54a658bb1664e41bd9cd9d3ea04600b2388d3f0f74"",""fixture_variant"":""short_translation""}",会议/办公语音翻译,短句语翻,C02,语音识别|机器翻译,"{""transcript"":""请关闭麦克风"",""translation"":""Please turn off the microphone"",""intent"":""-"",""slots"":""-"",""expected_action"":""-"",""expected_reply"":""-"",""translation_context"":""-"",""annotation_version"":""fixture-2.0""}",请关闭麦克风,"{""transcript"":""请关闭麦克风"",""translation"":""Please turn off the microphone"",""intent"":""-"",""slots"":""-"",""action"":""-"",""reply"":""-"",""model_version"":""deterministic-fixture-2.0"",""run_id"":""RUN-SYN-0045""}",请关闭麦克风,0.000000,通过,synthetic://SYN-0045.wav,133dd24a9ec5d9c1e6ba3e54a658bb1664e41bd9cd9d3ea04600b2388d3f0f74,SYN-0045
SYN-0046,会议/办公语音翻译,长句/上下文翻译,inputs/SYN-0046.json,"{""type"":""synthetic_audio_fixture"",""path"":""inputs/SYN-0046.json"",""source_id"":""synthetic://SYN-0046.wav"",""data_classification"":""synthetic_engineering_validation"",""subscene_type"":""长句/上下文翻译"",""fixture_variant"":""long_context_translation"",""dialogue_turns"":[{""轮次"":1,""角色"":""主持人"",""内容"":""上下文：访谈资料整理""},{""轮次"":2,""角色"":""用户"",""内容"":""请把访谈录音按说话人分段，删除重复的开场白，并在译文末尾保留受访者提出的两个问题。""}]}","{""duration_ms"":1200,""sample_rate"":16000,""channels"":1,""format"":""wav"",""language"":""普通话"",""speaker_count"":1,""signal_conditions"":[""synthetic"",""clean""]}",普通话,"{""synthetic"":true,""data_classification"":""synthetic_engineering_validation"",""validation_scope"":""synthetic_engineering_validation"",""capability_chain"":""C02"",""source_sha256"":""2ea4f76467158227421d74a11e4387ae911b419a20d0c1c952f349506599d64f"",""fixture_variant"":""long_context_translation""}",会议/办公语音翻译,长句/上下文翻译,C02,语音识别|机器翻译,"{""transcript"":""请把访谈录音按说话人分段，删除重复的开场白，并在译文末尾保留受访者提出的两个问题。"",""translation"":""Segment the interview recording by speaker, remove the repeated opening, and keep the two questions raised by the interviewee at the end of the translation."",""intent"":""-"",""slots"":""-"",""expected_action"":""-"",""expected_reply"":""-"",""translation_context"":""访谈资料整理"",""annotation_version"":""fixture-2.0""}",请把访谈录音按说话人分段，删除重复的开场白，并在译文末尾保留受访者提出的两个问题。,"{""transcript"":""请把访谈录音按说话人分段，删除重复的开场白，并在译文末尾保留受访者提出的两个问题"",""translation"":""Segment the interview recording by speaker, remove the repeated opening, and keep the two questions raised by the interviewee at the end of the translation."",""intent"":""-"",""slots"":""-"",""action"":""-"",""reply"":""-"",""model_version"":""deterministic-fixture-2.0"",""run_id"":""RUN-SYN-0046""}",请把访谈录音按说话人分段，删除重复的开场白，并在译文末尾保留受访者提出的两个问题,0.000000,通过,synthetic://SYN-0046.wav,2ea4f76467158227421d74a11e4387ae911b419a20d0c1c952f349506599d64f,SYN-0046
SYN-0047,车载/语音助手交互,设备控制,inputs/SYN-0047.json,"{""type"":""synthetic_audio_fixture"",""path"":""inputs/SYN-0047.json"",""source_id"":""synthetic://SYN-0047.wav"",""data_classification"":""synthetic_engineering_validation"",""subscene_type"":""设备控制"",""fixture_variant"":""device_control"",""dialogue_turns"":""-""}","{""duration_ms"":1300,""sample_rate"":16000,""channels"":1,""format"":""wav"",""language"":""普通话"",""speaker_count"":1,""signal_conditions"":[""synthetic"",""clean""]}",普通话,"{""synthetic"":true,""data_classification"":""synthetic_engineering_validation"",""validation_scope"":""synthetic_engineering_validation"",""capability_chain"":""C03"",""source_sha256"":""97bcdd839d9909fb5be30d3efb945a097169ca9a1ab85a3ace44a10ae28ef2c1"",""fixture_variant"":""device_control""}",车载/语音助手交互,设备控制,C03,语音识别|语义理解|对话生成,"{""transcript"":""将卧室加湿器设为自动模式"",""translation"":""-"",""intent"":""设备控制"",""slots"":{""设备"":""加湿器"",""位置"":""卧室"",""模式"":""自动""},""expected_action"":""set_mode"",""expected_reply"":""卧室加湿器已设为自动模式"",""translation_context"":""-"",""annotation_version"":""fixture-2.0""}",将卧室加湿器设为自动模式,"{""transcript"":""将卧室加湿器设为自动"",""translation"":""-"",""intent"":""设备控制"",""slots"":{""设备"":""加湿器"",""位置"":""卧室"",""模式"":""自动""},""action"":""set_mode"",""reply"":""卧室加湿器已设为自动模式"",""model_version"":""deterministic-fixture-2.0"",""run_id"":""RUN-SYN-0047""}",将卧室加湿器设为自动,0.166667,需关注,synthetic://SYN-0047.wav,97bcdd839d9909fb5be30d3efb945a097169ca9a1ab85a3ace44a10ae28ef2c1,SYN-0047
SYN-0048,车载/语音助手交互,信息查询/多轮任务,inputs/SYN-0048.json,"{""type"":""synthetic_audio_fixture"",""path"":""inputs/SYN-0048.json"",""source_id"":""synthetic://SYN-0048.wav"",""data_classification"":""synthetic_engineering_validation"",""subscene_type"":""信息查询/多轮任务"",""fixture_variant"":""multi_turn_query"",""dialogue_turns"":[{""轮次"":1,""角色"":""用户"",""内容"":""我想了解武汉的安排。""},{""轮次"":2,""角色"":""系统"",""内容"":""好的，请问你想查询什么？""},{""轮次"":3,""角色"":""用户"",""内容"":""请查询下个月武汉的账单信息""}]}","{""duration_ms"":1400,""sample_rate"":16000,""channels"":1,""format"":""wav"",""language"":""普通话"",""speaker_count"":1,""signal_conditions"":[""synthetic"",""clean""]}",普通话,"{""synthetic"":true,""data_classification"":""synthetic_engineering_validation"",""validation_scope"":""synthetic_engineering_validation"",""capability_chain"":""C03"",""source_sha256"":""6ed8de49caa427ee41629455e9e5040720656b785fb9a0453e9719a747a036bb"",""fixture_variant"":""multi_turn_query""}",车载/语音助手交互,信息查询/多轮任务,C03,语音识别|语义理解|对话生成,"{""transcript"":""请查询下个月武汉的账单信息"",""translation"":""-"",""intent"":""信息查询"",""slots"":{""地点"":""武汉"",""日期"":""下个月""},""expected_action"":""query_bill"",""expected_reply"":""武汉下个月没有待缴账单"",""translation_context"":""-"",""annotation_version"":""fixture-2.0""}",请查询下个月武汉的账单信息,"{""transcript"":""请查"",""translation"":""-"",""intent"":""信息查询"",""slots"":{""地点"":""武汉"",""日期"":""下个月""},""action"":""query_bill"",""reply"":""武汉下个月没有待缴账单"",""model_version"":""deterministic-fixture-2.0"",""run_id"":""RUN-SYN-0048""}",请查,0.846154,失败,synthetic://SYN-0048.wav,6ed8de49caa427ee41629455e9e5040720656b785fb9a0453e9719a747a036bb,SYN-0048
SYN-0049,短语音/录音转写,普通话口述,inputs/SYN-0049.json,"{""type"":""synthetic_audio_fixture"",""path"":""inputs/SYN-0049.json"",""source_id"":""synthetic://SYN-0049.wav"",""data_classification"":""synthetic_engineering_validation"",""subscene_type"":""普通话口述"",""fixture_variant"":""clean_mandarin"",""dialogue_turns"":""-""}","{""duration_ms"":1500,""sample_rate"":16000,""channels"":1,""format"":""wav"",""language"":""普通话"",""speaker_count"":1,""signal_conditions"":[""synthetic"",""clean""]}",普通话,"{""synthetic"":true,""data_classification"":""synthetic_engineering_validation"",""validation_scope"":""synthetic_engineering_validation"",""capability_chain"":""C01"",""source_sha256"":""22d5551a8941cdab6a2c2236404488a43813465445d459706a7800d6d64c2eca"",""fixture_variant"":""clean_mandarin""}",短语音/录音转写,普通话口述,C01,语音识别,"{""transcript"":""请把手机调成静音模式"",""translation"":""-"",""intent"":""-"",""slots"":""-"",""expected_action"":""-"",""expected_reply"":""-"",""translation_context"":""-"",""annotation_version"":""fixture-2.0""}",请把手机调成静音模式,"{""transcript"":""请把手机调成静音模式"",""translation"":""-"",""intent"":""-"",""slots"":""-"",""action"":""-"",""reply"":""-"",""model_version"":""deterministic-fixture-2.0"",""run_id"":""RUN-SYN-0049""}",请把手机调成静音模式,0.000000,通过,synthetic://SYN-0049.wav,22d5551a8941cdab6a2c2236404488a43813465445d459706a7800d6d64c2eca,SYN-0049
SYN-0050,短语音/录音转写,噪声/数字英文混合,inputs/SYN-0050.json,"{""type"":""synthetic_audio_fixture"",""path"":""inputs/SYN-0050.json"",""source_id"":""synthetic://SYN-0050.wav"",""data_classification"":""synthetic_engineering_validation"",""subscene_type"":""噪声/数字英文混合"",""fixture_variant"":""noise_mixed_alphanumeric"",""dialogue_turns"":""-""}","{""duration_ms"":1600,""sample_rate"":16000,""channels"":1,""format"":""wav"",""language"":""普通话"",""speaker_count"":1,""signal_conditions"":[""synthetic"",""noise"",""mixed_alphanumeric""]}",普通话,"{""synthetic"":true,""data_classification"":""synthetic_engineering_validation"",""validation_scope"":""synthetic_engineering_validation"",""capability_chain"":""C01"",""source_sha256"":""8b66d17371f9fb441b9a9ddca7d926888ea425f97cae9e2c1822fe8e265fc3fa"",""fixture_variant"":""noise_mixed_alphanumeric""}",短语音/录音转写,噪声/数字英文混合,C01,语音识别,"{""transcript"":""把项目编号 PRJ-42 加入备注"",""translation"":""-"",""intent"":""-"",""slots"":""-"",""expected_action"":""-"",""expected_reply"":""-"",""translation_context"":""-"",""annotation_version"":""fixture-2.0""}",把项目编号 PRJ-42 加入备注,"{""transcript"":""把项目编号 PRJ-42 加入备"",""translation"":""-"",""intent"":""-"",""slots"":""-"",""action"":""-"",""reply"":""-"",""model_version"":""deterministic-fixture-2.0"",""run_id"":""RUN-SYN-0050""}",把项目编号 PRJ-42 加入备,0.071429,通过,synthetic://SYN-0050.wav,8b66d17371f9fb441b9a9ddca7d926888ea425f97cae9e2c1822fe8e265fc3fa,SYN-0050
SYN-0051,会议/办公语音翻译,短句语翻,inputs/SYN-0051.json,"{""type"":""synthetic_audio_fixture"",""path"":""inputs/SYN-0051.json"",""source_id"":""synthetic://SYN-0051.wav"",""data_classification"":""synthetic_engineering_validation"",""subscene_type"":""短句语翻"",""fixture_variant"":""short_translation"",""dialogue_turns"":""-""}","{""duration_ms"":1700,""sample_rate"":16000,""channels"":1,""format"":""wav"",""language"":""普通话"",""speaker_count"":1,""signal_conditions"":[""synthetic"",""clean""]}",普通话,"{""synthetic"":true,""data_classification"":""synthetic_engineering_validation"",""validation_scope"":""synthetic_engineering_validation"",""capability_chain"":""C02"",""source_sha256"":""cbc7f80013876899fda7bc76c555de681280abed9c7a236c2fe35396188d3002"",""fixture_variant"":""short_translation""}",会议/办公语音翻译,短句语翻,C02,语音识别|机器翻译,"{""transcript"":""把标题改成项目进展"",""translation"":""Change the title to project progress"",""intent"":""-"",""slots"":""-"",""expected_action"":""-"",""expected_reply"":""-"",""translation_context"":""-"",""annotation_version"":""fixture-2.0""}",把标题改成项目进展,"{""transcript"":""把标题改成项目"",""translation"":""Change the title to project progress"",""intent"":""-"",""slots"":""-"",""action"":""-"",""reply"":""-"",""model_version"":""deterministic-fixture-2.0"",""run_id"":""RUN-SYN-0051""}",把标题改成项目,0.222222,失败,synthetic://SYN-0051.wav,cbc7f80013876899fda7bc76c555de681280abed9c7a236c2fe35396188d3002,SYN-0051
SYN-0052,会议/办公语音翻译,长句/上下文翻译,inputs/SYN-0052.json,"{""type"":""synthetic_audio_fixture"",""path"":""inputs/SYN-0052.json"",""source_id"":""synthetic://SYN-0052.wav"",""data_classification"":""synthetic_engineering_validation"",""subscene_type"":""长句/上下文翻译"",""fixture_variant"":""long_context_translation"",""dialogue_turns"":[{""轮次"":1,""角色"":""主持人"",""内容"":""上下文：办公用品采购""},{""轮次"":2,""角色"":""用户"",""内容"":""为了避免重复采购，请先核对仓库余量，再把确实缺少的办公用品加入下周的采购申请。""}]}","{""duration_ms"":1800,""sample_rate"":16000,""channels"":1,""format"":""wav"",""language"":""普通话"",""speaker_count"":1,""signal_conditions"":[""synthetic"",""clean""]}",普通话,"{""synthetic"":true,""data_classification"":""synthetic_engineering_validation"",""validation_scope"":""synthetic_engineering_validation"",""capability_chain"":""C02"",""source_sha256"":""8853846183994b8dbdf6e3a91bb3ab559c7309ea9449f0a548643235b439191b"",""fixture_variant"":""long_context_translation""}",会议/办公语音翻译,长句/上下文翻译,C02,语音识别|机器翻译,"{""transcript"":""为了避免重复采购，请先核对仓库余量，再把确实缺少的办公用品加入下周的采购申请。"",""translation"":""To avoid duplicate purchasing, check the warehouse balance first, then add the office supplies that are actually missing to next week's purchase request."",""intent"":""-"",""slots"":""-"",""expected_action"":""-"",""expected_reply"":""-"",""translation_context"":""办公用品采购"",""annotation_version"":""fixture-2.0""}",为了避免重复采购，请先核对仓库余量，再把确实缺少的办公用品加入下周的采购申请。,"{""transcript"":""为了"",""translation"":""To avoid duplicate purchasing, check the warehouse balance first, then add the office supplies that are actually missing to next week's purchase request."",""intent"":""-"",""slots"":""-"",""action"":""-"",""reply"":""-"",""model_version"":""deterministic-fixture-2.0"",""run_id"":""RUN-SYN-0052""}",为了,0.944444,失败,synthetic://SYN-0052.wav,8853846183994b8dbdf6e3a91bb3ab559c7309ea9449f0a548643235b439191b,SYN-0052
SYN-0053,车载/语音助手交互,设备控制,inputs/SYN-0053.json,"{""type"":""synthetic_audio_fixture"",""path"":""inputs/SYN-0053.json"",""source_id"":""synthetic://SYN-0053.wav"",""data_classification"":""synthetic_engineering_validation"",""subscene_type"":""设备控制"",""fixture_variant"":""device_control"",""dialogue_turns"":""-""}","{""duration_ms"":1900,""sample_rate"":16000,""channels"":1,""format"":""wav"",""language"":""普通话"",""speaker_count"":1,""signal_conditions"":[""synthetic"",""clean""]}",普通话,"{""synthetic"":true,""data_classification"":""synthetic_engineering_validation"",""validation_scope"":""synthetic_engineering_validation"",""capability_chain"":""C03"",""source_sha256"":""25ecbe7ea15c9534d0fb3795da3565011361c9199afa54d0c7a7fdc88df0ee45"",""fixture_variant"":""device_control""}",车载/语音助手交互,设备控制,C03,语音识别|语义理解|对话生成,"{""transcript"":""把客厅音箱音量调到百分之三十"",""translation"":""-"",""intent"":""设备控制"",""slots"":{""设备"":""音箱"",""位置"":""客厅"",""音量"":30},""expected_action"":""set_volume"",""expected_reply"":""客厅音箱音量已调到30%"",""translation_context"":""-"",""annotation_version"":""fixture-2.0""}",把客厅音箱音量调到百分之三十,"{""transcript"":""把客厅音箱音量调到百分之三十"",""translation"":""-"",""intent"":""设备控制"",""slots"":{""设备"":""音箱"",""位置"":""客厅"",""音量"":30},""action"":""set_volume"",""reply"":""客厅音箱音量已调到30%"",""model_version"":""deterministic-fixture-2.0"",""run_id"":""RUN-SYN-0053""}",把客厅音箱音量调到百分之三十,0.000000,通过,synthetic://SYN-0053.wav,25ecbe7ea15c9534d0fb3795da3565011361c9199afa54d0c7a7fdc88df0ee45,SYN-0053
SYN-0054,车载/语音助手交互,信息查询/多轮任务,inputs/SYN-0054.json,"{""type"":""synthetic_audio_fixture"",""path"":""inputs/SYN-0054.json"",""source_id"":""synthetic://SYN-0054.wav"",""data_classification"":""synthetic_engineering_validation"",""subscene_type"":""信息查询/多轮任务"",""fixture_variant"":""multi_turn_query"",""dialogue_turns"":[{""轮次"":1,""角色"":""用户"",""内容"":""我想了解西安的安排。""},{""轮次"":2,""角色"":""系统"",""内容"":""好的，请问你想查询什么？""},{""轮次"":3,""角色"":""用户"",""内容"":""请查询明天西安的酒店信息""}]}","{""duration_ms"":2000,""sample_rate"":16000,""channels"":1,""format"":""wav"",""language"":""普通话"",""speaker_count"":1,""signal_conditions"":[""synthetic"",""clean""]}",普通话,"{""synthetic"":true,""data_classification"":""synthetic_engineering_validation"",""validation_scope"":""synthetic_engineering_validation"",""capability_chain"":""C03"",""source_sha256"":""37b0a6e82ad5f757ad2bfedab675319899bb88fd3db4d051832ba6d614f9959d"",""fixture_variant"":""multi_turn_query""}",车载/语音助手交互,信息查询/多轮任务,C03,语音识别|语义理解|对话生成,"{""transcript"":""请查询明天西安的酒店信息"",""translation"":""-"",""intent"":""信息查询"",""slots"":{""地点"":""西安"",""日期"":""明天""},""expected_action"":""query_hotel"",""expected_reply"":""西安明天有两家符合条件的酒店"",""translation_context"":""-"",""annotation_version"":""fixture-2.0""}",请查询明天西安的酒店信息,"{""transcript"":""请查询明天西安的酒店信"",""translation"":""-"",""intent"":""信息查询"",""slots"":{""地点"":""西安"",""日期"":""明天""},""action"":""query_hotel"",""reply"":""西安明天有两家符合条件的酒店"",""model_version"":""deterministic-fixture-2.0"",""run_id"":""RUN-SYN-0054""}",请查询明天西安的酒店信,0.083333,通过,synthetic://SYN-0054.wav,37b0a6e82ad5f757ad2bfedab675319899bb88fd3db4d051832ba6d614f9959d,SYN-0054
SYN-0055,短语音/录音转写,普通话口述,inputs/SYN-0055.json,"{""type"":""synthetic_audio_fixture"",""path"":""inputs/SYN-0055.json"",""source_id"":""synthetic://SYN-0055.wav"",""data_classification"":""synthetic_engineering_validation"",""subscene_type"":""普通话口述"",""fixture_variant"":""clean_mandarin"",""dialogue_turns"":""-""}","{""duration_ms"":1200,""sample_rate"":16000,""channels"":1,""format"":""wav"",""language"":""普通话"",""speaker_count"":1,""signal_conditions"":[""synthetic"",""clean""]}",普通话,"{""synthetic"":true,""data_classification"":""synthetic_engineering_validation"",""validation_scope"":""synthetic_engineering_validation"",""capability_chain"":""C01"",""source_sha256"":""bf40522d4f94d6d5d642e0b47c6c3de0a5042e4412bdb6167fb10125a2af99aa"",""fixture_variant"":""clean_mandarin""}",短语音/录音转写,普通话口述,C01,语音识别,"{""transcript"":""把昨天拍的照片备份到硬盘"",""translation"":""-"",""intent"":""-"",""slots"":""-"",""expected_action"":""-"",""expected_reply"":""-"",""translation_context"":""-"",""annotation_version"":""fixture-2.0""}",把昨天拍的照片备份到硬盘,"{""transcript"":""把昨天拍的照片备份到"",""translation"":""-"",""intent"":""-"",""slots"":""-"",""action"":""-"",""reply"":""-"",""model_version"":""deterministic-fixture-2.0"",""run_id"":""RUN-SYN-0055""}",把昨天拍的照片备份到,0.166667,需关注,synthetic://SYN-0055.wav,bf40522d4f94d6d5d642e0b47c6c3de0a5042e4412bdb6167fb10125a2af99aa,SYN-0055
SYN-0056,短语音/录音转写,噪声/数字英文混合,inputs/SYN-0056.json,"{""type"":""synthetic_audio_fixture"",""path"":""inputs/SYN-0056.json"",""source_id"":""synthetic://SYN-0056.wav"",""data_classification"":""synthetic_engineering_validation"",""subscene_type"":""噪声/数字英文混合"",""fixture_variant"":""noise_mixed_alphanumeric"",""dialogue_turns"":""-""}","{""duration_ms"":1300,""sample_rate"":16000,""channels"":1,""format"":""wav"",""language"":""普通话"",""speaker_count"":1,""signal_conditions"":[""synthetic"",""noise"",""mixed_alphanumeric""]}",普通话,"{""synthetic"":true,""data_classification"":""synthetic_engineering_validation"",""validation_scope"":""synthetic_engineering_validation"",""capability_chain"":""C01"",""source_sha256"":""f11f9d468f2c006c3781f83306b009dc697207cf4cff752b6d2c20e06211fa8f"",""fixture_variant"":""noise_mixed_alphanumeric""}",短语音/录音转写,噪声/数字英文混合,C01,语音识别,"{""transcript"":""航班 CA1837 预计 21:05 起飞"",""translation"":""-"",""intent"":""-"",""slots"":""-"",""expected_action"":""-"",""expected_reply"":""-"",""translation_context"":""-"",""annotation_version"":""fixture-2.0""}",航班 CA1837 预计 21:05 起飞,"{""transcript"":""航班"",""translation"":""-"",""intent"":""-"",""slots"":""-"",""action"":""-"",""reply"":""-"",""model_version"":""deterministic-fixture-2.0"",""run_id"":""RUN-SYN-0056""}",航班,0.875000,失败,synthetic://SYN-0056.wav,f11f9d468f2c006c3781f83306b009dc697207cf4cff752b6d2c20e06211fa8f,SYN-0056
SYN-0057,会议/办公语音翻译,短句语翻,inputs/SYN-0057.json,"{""type"":""synthetic_audio_fixture"",""path"":""inputs/SYN-0057.json"",""source_id"":""synthetic://SYN-0057.wav"",""data_classification"":""synthetic_engineering_validation"",""subscene_type"":""短句语翻"",""fixture_variant"":""short_translation"",""dialogue_turns"":""-""}","{""duration_ms"":1400,""sample_rate"":16000,""channels"":1,""format"":""wav"",""language"":""普通话"",""speaker_count"":1,""signal_conditions"":[""synthetic"",""clean""]}",普通话,"{""synthetic"":true,""data_classification"":""synthetic_engineering_validation"",""validation_scope"":""synthetic_engineering_validation"",""capability_chain"":""C02"",""source_sha256"":""d7f0a4ab956699ecc50491cfa179407a72692ab16ee9d8f4322bb81a37307990"",""fixture_variant"":""short_translation""}",会议/办公语音翻译,短句语翻,C02,语音识别|机器翻译,"{""transcript"":""查询最新库存"",""translation"":""Check the latest inventory"",""intent"":""-"",""slots"":""-"",""expected_action"":""-"",""expected_reply"":""-"",""translation_context"":""-"",""annotation_version"":""fixture-2.0""}",查询最新库存,"{""transcript"":""查询最新库存"",""translation"":""Check the latest inventory"",""intent"":""-"",""slots"":""-"",""action"":""-"",""reply"":""-"",""model_version"":""deterministic-fixture-2.0"",""run_id"":""RUN-SYN-0057""}",查询最新库存,0.000000,通过,synthetic://SYN-0057.wav,d7f0a4ab956699ecc50491cfa179407a72692ab16ee9d8f4322bb81a37307990,SYN-0057
SYN-0058,会议/办公语音翻译,长句/上下文翻译,inputs/SYN-0058.json,"{""type"":""synthetic_audio_fixture"",""path"":""inputs/SYN-0058.json"",""source_id"":""synthetic://SYN-0058.wav"",""data_classification"":""synthetic_engineering_validation"",""subscene_type"":""长句/上下文翻译"",""fixture_variant"":""long_context_translation"",""dialogue_turns"":[{""轮次"":1,""角色"":""主持人"",""内容"":""上下文：供应商发货决策""},{""轮次"":2,""角色"":""用户"",""内容"":""如果供应商今晚确认不了发货时间，就把备选方案和成本差异整理成一页说明供负责人决定。""}]}","{""duration_ms"":1500,""sample_rate"":16000,""channels"":1,""format"":""wav"",""language"":""普通话"",""speaker_count"":1,""signal_conditions"":[""synthetic"",""clean""]}",普通话,"{""synthetic"":true,""data_classification"":""synthetic_engineering_validation"",""validation_scope"":""synthetic_engineering_validation"",""capability_chain"":""C02"",""source_sha256"":""3c4787bea59fcb185a52401dc6b6bb1db39e0870d083b19b6c7bd4459e0a8f7d"",""fixture_variant"":""long_context_translation""}",会议/办公语音翻译,长句/上下文翻译,C02,语音识别|机器翻译,"{""transcript"":""如果供应商今晚确认不了发货时间，就把备选方案和成本差异整理成一页说明供负责人决定。"",""translation"":""If the supplier cannot confirm the shipping time tonight, summarize the alternatives and their cost differences on one page for the owner to decide."",""intent"":""-"",""slots"":""-"",""expected_action"":""-"",""expected_reply"":""-"",""translation_context"":""供应商发货决策"",""annotation_version"":""fixture-2.0""}",如果供应商今晚确认不了发货时间，就把备选方案和成本差异整理成一页说明供负责人决定。,"{""transcript"":""如果供应商今晚确认不了发货时间，就把备选方案和成本差异整理成一页说明供负责人决定"",""translation"":""If the supplier cannot confirm the shipping time tonight, summarize the alternatives and their cost differences on one page for the owner to decide."",""intent"":""-"",""slots"":""-"",""action"":""-"",""reply"":""-"",""model_version"":""deterministic-fixture-2.0"",""run_id"":""RUN-SYN-0058""}",如果供应商今晚确认不了发货时间，就把备选方案和成本差异整理成一页说明供负责人决定,0.000000,通过,synthetic://SYN-0058.wav,3c4787bea59fcb185a52401dc6b6bb1db39e0870d083b19b6c7bd4459e0a8f7d,SYN-0058
SYN-0059,车载/语音助手交互,设备控制,inputs/SYN-0059.json,"{""type"":""synthetic_audio_fixture"",""path"":""inputs/SYN-0059.json"",""source_id"":""synthetic://SYN-0059.wav"",""data_classification"":""synthetic_engineering_validation"",""subscene_type"":""设备控制"",""fixture_variant"":""device_control"",""dialogue_turns"":""-""}","{""duration_ms"":1600,""sample_rate"":16000,""channels"":1,""format"":""wav"",""language"":""普通话"",""speaker_count"":1,""signal_conditions"":[""synthetic"",""clean""]}",普通话,"{""synthetic"":true,""data_classification"":""synthetic_engineering_validation"",""validation_scope"":""synthetic_engineering_validation"",""capability_chain"":""C03"",""source_sha256"":""b6dd56f7284f09c5bd8f2a1c251289a0f44e80d9b5a6a7cfcaa18fbb0efc4344"",""fixture_variant"":""device_control""}",车载/语音助手交互,设备控制,C03,语音识别|语义理解|对话生成,"{""transcript"":""打开车库照明"",""translation"":""-"",""intent"":""设备控制"",""slots"":{""设备"":""照明"",""位置"":""车库""},""expected_action"":""turn_on"",""expected_reply"":""已打开车库照明"",""translation_context"":""-"",""annotation_version"":""fixture-2.0""}",打开车库照明,"{""transcript"":""打开车库"",""translation"":""-"",""intent"":""设备控制"",""slots"":{""设备"":""照明"",""位置"":""车库""},""action"":""turn_on"",""reply"":""已打开车库照明"",""model_version"":""deterministic-fixture-2.0"",""run_id"":""RUN-SYN-0059""}",打开车库,0.333333,失败,synthetic://SYN-0059.wav,b6dd56f7284f09c5bd8f2a1c251289a0f44e80d9b5a6a7cfcaa18fbb0efc4344,SYN-0059
SYN-0060,车载/语音助手交互,信息查询/多轮任务,inputs/SYN-0060.json,"{""type"":""synthetic_audio_fixture"",""path"":""inputs/SYN-0060.json"",""source_id"":""synthetic://SYN-0060.wav"",""data_classification"":""synthetic_engineering_validation"",""subscene_type"":""信息查询/多轮任务"",""fixture_variant"":""multi_turn_query"",""dialogue_turns"":[{""轮次"":1,""角色"":""用户"",""内容"":""我想了解苏州的安排。""},{""轮次"":2,""角色"":""系统"",""内容"":""好的，请问你想查询什么？""},{""轮次"":3,""角色"":""用户"",""内容"":""请查询本周苏州的会议信息""}]}","{""duration_ms"":1700,""sample_rate"":16000,""channels"":1,""format"":""wav"",""language"":""普通话"",""speaker_count"":1,""signal_conditions"":[""synthetic"",""clean""]}",普通话,"{""synthetic"":true,""data_classification"":""synthetic_engineering_validation"",""validation_scope"":""synthetic_engineering_validation"",""capability_chain"":""C03"",""source_sha256"":""b904e762f153578fe2f54b89c73aef294718b86806130fbc9d754ee954dfa5f7"",""fixture_variant"":""multi_turn_query""}",车载/语音助手交互,信息查询/多轮任务,C03,语音识别|语义理解|对话生成,"{""transcript"":""请查询本周苏州的会议信息"",""translation"":""-"",""intent"":""信息查询"",""slots"":{""地点"":""苏州"",""日期"":""本周""},""expected_action"":""query_meetings"",""expected_reply"":""苏州本周有四个会议安排"",""translation_context"":""-"",""annotation_version"":""fixture-2.0""}",请查询本周苏州的会议信息,"{""transcript"":""请查"",""translation"":""-"",""intent"":""信息查询"",""slots"":{""地点"":""苏州"",""日期"":""本周""},""action"":""query_meetings"",""reply"":""苏州本周有四个会议安排"",""model_version"":""deterministic-fixture-2.0"",""run_id"":""RUN-SYN-0060""}",请查,0.833333,失败,synthetic://SYN-0060.wav,b904e762f153578fe2f54b89c73aef294718b86806130fbc9d754ee954dfa5f7,SYN-0060
SYN-0061,短语音/录音转写,普通话口述,inputs/SYN-0061.json,"{""type"":""synthetic_audio_fixture"",""path"":""inputs/SYN-0061.json"",""source_id"":""synthetic://SYN-0061.wav"",""data_classification"":""synthetic_engineering_validation"",""subscene_type"":""普通话口述"",""fixture_variant"":""clean_mandarin"",""dialogue_turns"":""-""}","{""duration_ms"":1800,""sample_rate"":16000,""channels"":1,""format"":""wav"",""language"":""普通话"",""speaker_count"":1,""signal_conditions"":[""synthetic"",""clean""]}",普通话,"{""synthetic"":true,""data_classification"":""synthetic_engineering_validation"",""validation_scope"":""synthetic_engineering_validation"",""capability_chain"":""C01"",""source_sha256"":""820216342af8e4af455d7675e2a56aad4537ffb70fcfc6e1a633bc174d0eb5d9"",""fixture_variant"":""clean_mandarin""}",短语音/录音转写,普通话口述,C01,语音识别,"{""transcript"":""我想把周五的培训改到下周一"",""translation"":""-"",""intent"":""-"",""slots"":""-"",""expected_action"":""-"",""expected_reply"":""-"",""translation_context"":""-"",""annotation_version"":""fixture-2.0""}",我想把周五的培训改到下周一,"{""transcript"":""我想把周五的培训改到下周一"",""translation"":""-"",""intent"":""-"",""slots"":""-"",""action"":""-"",""reply"":""-"",""model_version"":""deterministic-fixture-2.0"",""run_id"":""RUN-SYN-0061""}",我想把周五的培训改到下周一,0.000000,通过,synthetic://SYN-0061.wav,820216342af8e4af455d7675e2a56aad4537ffb70fcfc6e1a633bc174d0eb5d9,SYN-0061
SYN-0062,短语音/录音转写,噪声/数字英文混合,inputs/SYN-0062.json,"{""type"":""synthetic_audio_fixture"",""path"":""inputs/SYN-0062.json"",""source_id"":""synthetic://SYN-0062.wav"",""data_classification"":""synthetic_engineering_validation"",""subscene_type"":""噪声/数字英文混合"",""fixture_variant"":""noise_mixed_alphanumeric"",""dialogue_turns"":""-""}","{""duration_ms"":1900,""sample_rate"":16000,""channels"":1,""format"":""wav"",""language"":""普通话"",""speaker_count"":1,""signal_conditions"":[""synthetic"",""noise"",""mixed_alphanumeric""]}",普通话,"{""synthetic"":true,""data_classification"":""synthetic_engineering_validation"",""validation_scope"":""synthetic_engineering_validation"",""capability_chain"":""C01"",""source_sha256"":""a4d66d8155fef825fe6506c18db2618bb31011580e4ca50ec64a2a87ec3562c6"",""fixture_variant"":""noise_mixed_alphanumeric""}",短语音/录音转写,噪声/数字英文混合,C01,语音识别,"{""transcript"":""请把发票号 INV20260825 录入系统"",""translation"":""-"",""intent"":""-"",""slots"":""-"",""expected_action"":""-"",""expected_reply"":""-"",""translation_context"":""-"",""annotation_version"":""fixture-2.0""}",请把发票号 INV20260825 录入系统,"{""transcript"":""请把发票号 INV20260825 录入系"",""translation"":""-"",""intent"":""-"",""slots"":""-"",""action"":""-"",""reply"":""-"",""model_version"":""deterministic-fixture-2.0"",""run_id"":""RUN-SYN-0062""}",请把发票号 INV20260825 录入系,0.050000,通过,synthetic://SYN-0062.wav,a4d66d8155fef825fe6506c18db2618bb31011580e4ca50ec64a2a87ec3562c6,SYN-0062
SYN-0063,会议/办公语音翻译,短句语翻,inputs/SYN-0063.json,"{""type"":""synthetic_audio_fixture"",""path"":""inputs/SYN-0063.json"",""source_id"":""synthetic://SYN-0063.wav"",""data_classification"":""synthetic_engineering_validation"",""subscene_type"":""短句语翻"",""fixture_variant"":""short_translation"",""dialogue_turns"":""-""}","{""duration_ms"":2000,""sample_rate"":16000,""channels"":1,""format"":""wav"",""language"":""普通话"",""speaker_count"":1,""signal_conditions"":[""synthetic"",""clean""]}",普通话,"{""synthetic"":true,""data_classification"":""synthetic_engineering_validation"",""validation_scope"":""synthetic_engineering_validation"",""capability_chain"":""C02"",""source_sha256"":""942baed1d43e22b91f1f2a2d2e6a9f04e62a391dc232fbe6a1718e4169b45a63"",""fixture_variant"":""short_translation""}",会议/办公语音翻译,短句语翻,C02,语音识别|机器翻译,"{""transcript"":""发送日程邀请"",""translation"":""Send the calendar invitation"",""intent"":""-"",""slots"":""-"",""expected_action"":""-"",""expected_reply"":""-"",""translation_context"":""-"",""annotation_version"":""fixture-2.0""}",发送日程邀请,"{""transcript"":""发送日程"",""translation"":""Send the calendar invitation"",""intent"":""-"",""slots"":""-"",""action"":""-"",""reply"":""-"",""model_version"":""deterministic-fixture-2.0"",""run_id"":""RUN-SYN-0063""}",发送日程,0.333333,失败,synthetic://SYN-0063.wav,942baed1d43e22b91f1f2a2d2e6a9f04e62a391dc232fbe6a1718e4169b45a63,SYN-0063
SYN-0064,会议/办公语音翻译,长句/上下文翻译,inputs/SYN-0064.json,"{""type"":""synthetic_audio_fixture"",""path"":""inputs/SYN-0064.json"",""source_id"":""synthetic://SYN-0064.wav"",""data_classification"":""synthetic_engineering_validation"",""subscene_type"":""长句/上下文翻译"",""fixture_variant"":""long_context_translation"",""dialogue_turns"":[{""轮次"":1,""角色"":""主持人"",""内容"":""上下文：用户反馈演示""},{""轮次"":2,""角色"":""用户"",""内容"":""请在演示稿中保留用户反馈的原句，并在每条反馈后补充对应的改进负责人和验证方式。""}]}","{""duration_ms"":1200,""sample_rate"":16000,""channels"":1,""format"":""wav"",""language"":""普通话"",""speaker_count"":1,""signal_conditions"":[""synthetic"",""clean""]}",普通话,"{""synthetic"":true,""data_classification"":""synthetic_engineering_validation"",""validation_scope"":""synthetic_engineering_validation"",""capability_chain"":""C02"",""source_sha256"":""8b5342ad66f35298889b202a431472bf9c4102c911ff598dcb9b52ed9255855a"",""fixture_variant"":""long_context_translation""}",会议/办公语音翻译,长句/上下文翻译,C02,语音识别|机器翻译,"{""transcript"":""请在演示稿中保留用户反馈的原句，并在每条反馈后补充对应的改进负责人和验证方式。"",""translation"":""Keep the users' original words in the presentation and add the responsible owner and verification method after each piece of feedback."",""intent"":""-"",""slots"":""-"",""expected_action"":""-"",""expected_reply"":""-"",""translation_context"":""用户反馈演示"",""annotation_version"":""fixture-2.0""}",请在演示稿中保留用户反馈的原句，并在每条反馈后补充对应的改进负责人和验证方式。,"{""transcript"":""请在"",""translation"":""Keep the users' original words in the presentation and add the responsible owner and verification method after each piece of feedback."",""intent"":""-"",""slots"":""-"",""action"":""-"",""reply"":""-"",""model_version"":""deterministic-fixture-2.0"",""run_id"":""RUN-SYN-0064""}",请在,0.945946,失败,synthetic://SYN-0064.wav,8b5342ad66f35298889b202a431472bf9c4102c911ff598dcb9b52ed9255855a,SYN-0064
SYN-0065,车载/语音助手交互,设备控制,inputs/SYN-0065.json,"{""type"":""synthetic_audio_fixture"",""path"":""inputs/SYN-0065.json"",""source_id"":""synthetic://SYN-0065.wav"",""data_classification"":""synthetic_engineering_validation"",""subscene_type"":""设备控制"",""fixture_variant"":""device_control"",""dialogue_turns"":""-""}","{""duration_ms"":1300,""sample_rate"":16000,""channels"":1,""format"":""wav"",""language"":""普通话"",""speaker_count"":1,""signal_conditions"":[""synthetic"",""clean""]}",普通话,"{""synthetic"":true,""data_classification"":""synthetic_engineering_validation"",""validation_scope"":""synthetic_engineering_validation"",""capability_chain"":""C03"",""source_sha256"":""0ac300c59a761b3f3113c345d9b415af1f70ea80edaa46cb6faa2a30de310d76"",""fixture_variant"":""device_control""}",车载/语音助手交互,设备控制,C03,语音识别|语义理解|对话生成,"{""transcript"":""锁上玄关门"",""translation"":""-"",""intent"":""设备控制"",""slots"":{""设备"":""门锁"",""位置"":""玄关""},""expected_action"":""lock"",""expected_reply"":""已锁上玄关门"",""translation_context"":""-"",""annotation_version"":""fixture-2.0""}",锁上玄关门,"{""transcript"":""锁上玄关门"",""translation"":""-"",""intent"":""设备控制"",""slots"":{""设备"":""门锁"",""位置"":""玄关""},""action"":""lock"",""reply"":""已锁上玄关门"",""model_version"":""deterministic-fixture-2.0"",""run_id"":""RUN-SYN-0065""}",锁上玄关门,0.000000,通过,synthetic://SYN-0065.wav,0ac300c59a761b3f3113c345d9b415af1f70ea80edaa46cb6faa2a30de310d76,SYN-0065
SYN-0066,车载/语音助手交互,信息查询/多轮任务,inputs/SYN-0066.json,"{""type"":""synthetic_audio_fixture"",""path"":""inputs/SYN-0066.json"",""source_id"":""synthetic://SYN-0066.wav"",""data_classification"":""synthetic_engineering_validation"",""subscene_type"":""信息查询/多轮任务"",""fixture_variant"":""multi_turn_query"",""dialogue_turns"":[{""轮次"":1,""角色"":""用户"",""内容"":""我想了解厦门的安排。""},{""轮次"":2,""角色"":""系统"",""内容"":""好的，请问你想查询什么？""},{""轮次"":3,""角色"":""用户"",""内容"":""请查询后天厦门的快递信息""}]}","{""duration_ms"":1400,""sample_rate"":16000,""channels"":1,""format"":""wav"",""language"":""普通话"",""speaker_count"":1,""signal_conditions"":[""synthetic"",""clean""]}",普通话,"{""synthetic"":true,""data_classification"":""synthetic_engineering_validation"",""validation_scope"":""synthetic_engineering_validation"",""capability_chain"":""C03"",""source_sha256"":""e1f7de1a75416c88a53adbf097e0bb4693c7adc1fc046c093ce5025c5be62202"",""fixture_variant"":""multi_turn_query""}",车载/语音助手交互,信息查询/多轮任务,C03,语音识别|语义理解|对话生成,"{""transcript"":""请查询后天厦门的快递信息"",""translation"":""-"",""intent"":""信息查询"",""slots"":{""地点"":""厦门"",""日期"":""后天""},""expected_action"":""query_delivery"",""expected_reply"":""厦门后天预计送达一件快递"",""translation_context"":""-"",""annotation_version"":""fixture-2.0""}",请查询后天厦门的快递信息,"{""transcript"":""请查询后天厦门的快递信"",""translation"":""-"",""intent"":""信息查询"",""slots"":{""地点"":""厦门"",""日期"":""后天""},""action"":""query_delivery"",""reply"":""厦门后天预计送达一件快递"",""model_version"":""deterministic-fixture-2.0"",""run_id"":""RUN-SYN-0066""}",请查询后天厦门的快递信,0.083333,通过,synthetic://SYN-0066.wav,e1f7de1a75416c88a53adbf097e0bb4693c7adc1fc046c093ce5025c5be62202,SYN-0066
SYN-0067,短语音/录音转写,普通话口述,inputs/SYN-0067.json,"{""type"":""synthetic_audio_fixture"",""path"":""inputs/SYN-0067.json"",""source_id"":""synthetic://SYN-0067.wav"",""data_classification"":""synthetic_engineering_validation"",""subscene_type"":""普通话口述"",""fixture_variant"":""clean_mandarin"",""dialogue_turns"":""-""}","{""duration_ms"":1500,""sample_rate"":16000,""channels"":1,""format"":""wav"",""language"":""普通话"",""speaker_count"":1,""signal_conditions"":[""synthetic"",""clean""]}",普通话,"{""synthetic"":true,""data_classification"":""synthetic_engineering_validation"",""validation_scope"":""synthetic_engineering_validation"",""capability_chain"":""C01"",""source_sha256"":""336dc3fd6fd672b0287080021f0f91cc23b676599ad5ed203d16b7c727aadc78"",""fixture_variant"":""clean_mandarin""}",短语音/录音转写,普通话口述,C01,语音识别,"{""transcript"":""请打开书房的台灯"",""translation"":""-"",""intent"":""-"",""slots"":""-"",""expected_action"":""-"",""expected_reply"":""-"",""translation_context"":""-"",""annotation_version"":""fixture-2.0""}",请打开书房的台灯,"{""transcript"":""请打开书房的"",""translation"":""-"",""intent"":""-"",""slots"":""-"",""action"":""-"",""reply"":""-"",""model_version"":""deterministic-fixture-2.0"",""run_id"":""RUN-SYN-0067""}",请打开书房的,0.250000,失败,synthetic://SYN-0067.wav,336dc3fd6fd672b0287080021f0f91cc23b676599ad5ed203d16b7c727aadc78,SYN-0067
SYN-0068,短语音/录音转写,噪声/数字英文混合,inputs/SYN-0068.json,"{""type"":""synthetic_audio_fixture"",""path"":""inputs/SYN-0068.json"",""source_id"":""synthetic://SYN-0068.wav"",""data_classification"":""synthetic_engineering_validation"",""subscene_type"":""噪声/数字英文混合"",""fixture_variant"":""noise_mixed_alphanumeric"",""dialogue_turns"":""-""}","{""duration_ms"":1600,""sample_rate"":16000,""channels"":1,""format"":""wav"",""language"":""普通话"",""speaker_count"":1,""signal_conditions"":[""synthetic"",""noise"",""mixed_alphanumeric""]}",普通话,"{""synthetic"":true,""data_classification"":""synthetic_engineering_validation"",""validation_scope"":""synthetic_engineering_validation"",""capability_chain"":""C01"",""source_sha256"":""d3387e9a1e806decc98bcb3cdcff36a155af36c94d9feff3d7344a0060895186"",""fixture_variant"":""noise_mixed_alphanumeric""}",短语音/录音转写,噪声/数字英文混合,C01,语音识别,"{""transcript"":""将音量设为 level-7 后保存"",""translation"":""-"",""intent"":""-"",""slots"":""-"",""expected_action"":""-"",""expected_reply"":""-"",""translation_context"":""-"",""annotation_version"":""fixture-2.0""}",将音量设为 level-7 后保存,"{""transcript"":""将音"",""translation"":""-"",""intent"":""-"",""slots"":""-"",""action"":""-"",""reply"":""-"",""model_version"":""deterministic-fixture-2.0"",""run_id"":""RUN-SYN-0068""}",将音,0.857143,失败,synthetic://SYN-0068.wav,d3387e9a1e806decc98bcb3cdcff36a155af36c94d9feff3d7344a0060895186,SYN-0068
SYN-0069,会议/办公语音翻译,短句语翻,inputs/SYN-0069.json,"{""type"":""synthetic_audio_fixture"",""path"":""inputs/SYN-0069.json"",""source_id"":""synthetic://SYN-0069.wav"",""data_classification"":""synthetic_engineering_validation"",""subscene_type"":""短句语翻"",""fixture_variant"":""short_translation"",""dialogue_turns"":""-""}","{""duration_ms"":1700,""sample_rate"":16000,""channels"":1,""format"":""wav"",""language"":""普通话"",""speaker_count"":1,""signal_conditions"":[""synthetic"",""clean""]}",普通话,"{""synthetic"":true,""data_classification"":""synthetic_engineering_validation"",""validation_scope"":""synthetic_engineering_validation"",""capability_chain"":""C02"",""source_sha256"":""69a51f6381c1189b55da4b881cb27defa5589380f6c127b6eeb1b714b7cd838c"",""fixture_variant"":""short_translation""}",会议/办公语音翻译,短句语翻,C02,语音识别|机器翻译,"{""transcript"":""标记这条消息重要"",""translation"":""Mark this message as important"",""intent"":""-"",""slots"":""-"",""expected_action"":""-"",""expected_reply"":""-"",""translation_context"":""-"",""annotation_version"":""fixture-2.0""}",标记这条消息重要,"{""transcript"":""标记这条消息重要"",""translation"":""Mark this message as important"",""intent"":""-"",""slots"":""-"",""action"":""-"",""reply"":""-"",""model_version"":""deterministic-fixture-2.0"",""run_id"":""RUN-SYN-0069""}",标记这条消息重要,0.000000,通过,synthetic://SYN-0069.wav,69a51f6381c1189b55da4b881cb27defa5589380f6c127b6eeb1b714b7cd838c,SYN-0069
SYN-0070,会议/办公语音翻译,长句/上下文翻译,inputs/SYN-0070.json,"{""type"":""synthetic_audio_fixture"",""path"":""inputs/SYN-0070.json"",""source_id"":""synthetic://SYN-0070.wav"",""data_classification"":""synthetic_engineering_validation"",""subscene_type"":""长句/上下文翻译"",""fixture_variant"":""long_context_translation"",""dialogue_turns"":[{""轮次"":1,""角色"":""主持人"",""内容"":""上下文：系统迁移计划""},{""轮次"":2,""角色"":""用户"",""内容"":""这次迁移需要分两个晚上进行，第一晚只复制数据，第二晚再切换入口并观察错误日志。""}]}","{""duration_ms"":1800,""sample_rate"":16000,""channels"":1,""format"":""wav"",""language"":""普通话"",""speaker_count"":1,""signal_conditions"":[""synthetic"",""clean""]}",普通话,"{""synthetic"":true,""data_classification"":""synthetic_engineering_validation"",""validation_scope"":""synthetic_engineering_validation"",""capability_chain"":""C02"",""source_sha256"":""de9cbeb2a18d241aed3775dc7169b3e29cd08e9828816bdf9499c0e054d3464d"",""fixture_variant"":""long_context_translation""}",会议/办公语音翻译,长句/上下文翻译,C02,语音识别|机器翻译,"{""transcript"":""这次迁移需要分两个晚上进行，第一晚只复制数据，第二晚再切换入口并观察错误日志。"",""translation"":""This migration needs to be done over two nights: copy the data only on the first night, then switch the entry point and watch the error log on the second night."",""intent"":""-"",""slots"":""-"",""expected_action"":""-"",""expected_reply"":""-"",""translation_context"":""系统迁移计划"",""annotation_version"":""fixture-2.0""}",这次迁移需要分两个晚上进行，第一晚只复制数据，第二晚再切换入口并观察错误日志。,"{""transcript"":""这次迁移需要分两个晚上进行，第一晚只复制数据，第二晚再切换入口并观察错误日志"",""translation"":""This migration needs to be done over two nights: copy the data only on the first night, then switch the entry point and watch the error log on the second night."",""intent"":""-"",""slots"":""-"",""action"":""-"",""reply"":""-"",""model_version"":""deterministic-fixture-2.0"",""run_id"":""RUN-SYN-0070""}",这次迁移需要分两个晚上进行，第一晚只复制数据，第二晚再切换入口并观察错误日志,0.000000,通过,synthetic://SYN-0070.wav,de9cbeb2a18d241aed3775dc7169b3e29cd08e9828816bdf9499c0e054d3464d,SYN-0070
SYN-0071,车载/语音助手交互,设备控制,inputs/SYN-0071.json,"{""type"":""synthetic_audio_fixture"",""path"":""inputs/SYN-0071.json"",""source_id"":""synthetic://SYN-0071.wav"",""data_classification"":""synthetic_engineering_validation"",""subscene_type"":""设备控制"",""fixture_variant"":""device_control"",""dialogue_turns"":""-""}","{""duration_ms"":1900,""sample_rate"":16000,""channels"":1,""format"":""wav"",""language"":""普通话"",""speaker_count"":1,""signal_conditions"":[""synthetic"",""clean""]}",普通话,"{""synthetic"":true,""data_classification"":""synthetic_engineering_validation"",""validation_scope"":""synthetic_engineering_validation"",""capability_chain"":""C03"",""source_sha256"":""f83ac87ab732599b26a66e0af1d99ae928988173981659a9672f4a49479bc63f"",""fixture_variant"":""device_control""}",车载/语音助手交互,设备控制,C03,语音识别|语义理解|对话生成,"{""transcript"":""解锁储物间的门"",""translation"":""-"",""intent"":""设备控制"",""slots"":{""设备"":""门锁"",""位置"":""储物间""},""expected_action"":""unlock"",""expected_reply"":""已解锁储物间门"",""translation_context"":""-"",""annotation_version"":""fixture-2.0""}",解锁储物间的门,"{""transcript"":""解锁储物间"",""translation"":""-"",""intent"":""设备控制"",""slots"":{""设备"":""门锁"",""位置"":""储物间""},""action"":""unlock"",""reply"":""已解锁储物间门"",""model_version"":""deterministic-fixture-2.0"",""run_id"":""RUN-SYN-0071""}",解锁储物间,0.285714,失败,synthetic://SYN-0071.wav,f83ac87ab732599b26a66e0af1d99ae928988173981659a9672f4a49479bc63f,SYN-0071
SYN-0072,车载/语音助手交互,信息查询/多轮任务,inputs/SYN-0072.json,"{""type"":""synthetic_audio_fixture"",""path"":""inputs/SYN-0072.json"",""source_id"":""synthetic://SYN-0072.wav"",""data_classification"":""synthetic_engineering_validation"",""subscene_type"":""信息查询/多轮任务"",""fixture_variant"":""multi_turn_query"",""dialogue_turns"":[{""轮次"":1,""角色"":""用户"",""内容"":""我想了解青岛的安排。""},{""轮次"":2,""角色"":""系统"",""内容"":""好的，请问你想查询什么？""},{""轮次"":3,""角色"":""用户"",""内容"":""请查询今晚青岛的餐厅信息""}]}","{""duration_ms"":2000,""sample_rate"":16000,""channels"":1,""format"":""wav"",""language"":""普通话"",""speaker_count"":1,""signal_conditions"":[""synthetic"",""clean""]}",普通话,"{""synthetic"":true,""data_classification"":""synthetic_engineering_validation"",""validation_scope"":""synthetic_engineering_validation"",""capability_chain"":""C03"",""source_sha256"":""d7c67b701ff683a2a0b06c710441e4f708ada4c0fcc5ed7013fe6015a095a7da"",""fixture_variant"":""multi_turn_query""}",车载/语音助手交互,信息查询/多轮任务,C03,语音识别|语义理解|对话生成,"{""transcript"":""请查询今晚青岛的餐厅信息"",""translation"":""-"",""intent"":""信息查询"",""slots"":{""地点"":""青岛"",""日期"":""今晚""},""expected_action"":""query_restaurant"",""expected_reply"":""青岛今晚有五家已收藏餐厅营业"",""translation_context"":""-"",""annotation_version"":""fixture-2.0""}",请查询今晚青岛的餐厅信息,"{""transcript"":""请查"",""translation"":""-"",""intent"":""信息查询"",""slots"":{""地点"":""青岛"",""日期"":""今晚""},""action"":""query_restaurant"",""reply"":""青岛今晚有五家已收藏餐厅营业"",""model_version"":""deterministic-fixture-2.0"",""run_id"":""RUN-SYN-0072""}",请查,0.833333,失败,synthetic://SYN-0072.wav,d7c67b701ff683a2a0b06c710441e4f708ada4c0fcc5ed7013fe6015a095a7da,SYN-0072
SYN-0073,短语音/录音转写,普通话口述,inputs/SYN-0073.json,"{""type"":""synthetic_audio_fixture"",""path"":""inputs/SYN-0073.json"",""source_id"":""synthetic://SYN-0073.wav"",""data_classification"":""synthetic_engineering_validation"",""subscene_type"":""普通话口述"",""fixture_variant"":""clean_mandarin"",""dialogue_turns"":""-""}","{""duration_ms"":1200,""sample_rate"":16000,""channels"":1,""format"":""wav"",""language"":""普通话"",""speaker_count"":1,""signal_conditions"":[""synthetic"",""clean""]}",普通话,"{""synthetic"":true,""data_classification"":""synthetic_engineering_validation"",""validation_scope"":""synthetic_engineering_validation"",""capability_chain"":""C01"",""source_sha256"":""9134c5417d3dd1e26348adb49cfe13c7cd1d9c18dc0d7a4294e7c237acd1a202"",""fixture_variant"":""clean_mandarin""}",短语音/录音转写,普通话口述,C01,语音识别,"{""transcript"":""把这条客户意见加入跟进清单"",""translation"":""-"",""intent"":""-"",""slots"":""-"",""expected_action"":""-"",""expected_reply"":""-"",""translation_context"":""-"",""annotation_version"":""fixture-2.0""}",把这条客户意见加入跟进清单,"{""transcript"":""把这条客户意见加入跟进清单"",""translation"":""-"",""intent"":""-"",""slots"":""-"",""action"":""-"",""reply"":""-"",""model_version"":""deterministic-fixture-2.0"",""run_id"":""RUN-SYN-0073""}",把这条客户意见加入跟进清单,0.000000,通过,synthetic://SYN-0073.wav,9134c5417d3dd1e26348adb49cfe13c7cd1d9c18dc0d7a4294e7c237acd1a202,SYN-0073
SYN-0074,短语音/录音转写,噪声/数字英文混合,inputs/SYN-0074.json,"{""type"":""synthetic_audio_fixture"",""path"":""inputs/SYN-0074.json"",""source_id"":""synthetic://SYN-0074.wav"",""data_classification"":""synthetic_engineering_validation"",""subscene_type"":""噪声/数字英文混合"",""fixture_variant"":""noise_mixed_alphanumeric"",""dialogue_turns"":""-""}","{""duration_ms"":1300,""sample_rate"":16000,""channels"":1,""format"":""wav"",""language"":""普通话"",""speaker_count"":1,""signal_conditions"":[""synthetic"",""noise"",""mixed_alphanumeric""]}",普通话,"{""synthetic"":true,""data_classification"":""synthetic_engineering_validation"",""validation_scope"":""synthetic_engineering_validation"",""capability_chain"":""C01"",""source_sha256"":""0c2f3623f994d9b7c28ee458a434e1331128b85fd3be5d4a8fe577e5da2bbb57"",""fixture_variant"":""noise_mixed_alphanumeric""}",短语音/录音转写,噪声/数字英文混合,C01,语音识别,"{""transcript"":""订单 SKU-X9 需要补发 2 件"",""translation"":""-"",""intent"":""-"",""slots"":""-"",""expected_action"":""-"",""expected_reply"":""-"",""translation_context"":""-"",""annotation_version"":""fixture-2.0""}",订单 SKU-X9 需要补发 2 件,"{""transcript"":""订单 SKU-X9 需要补发 2 "",""translation"":""-"",""intent"":""-"",""slots"":""-"",""action"":""-"",""reply"":""-"",""model_version"":""deterministic-fixture-2.0"",""run_id"":""RUN-SYN-0074""}",订单 SKU-X9 需要补发 2 ,0.076923,通过,synthetic://SYN-0074.wav,0c2f3623f994d9b7c28ee458a434e1331128b85fd3be5d4a8fe577e5da2bbb57,SYN-0074
SYN-0075,会议/办公语音翻译,短句语翻,inputs/SYN-0075.json,"{""type"":""synthetic_audio_fixture"",""path"":""inputs/SYN-0075.json"",""source_id"":""synthetic://SYN-0075.wav"",""data_classification"":""synthetic_engineering_validation"",""subscene_type"":""短句语翻"",""fixture_variant"":""short_translation"",""dialogue_turns"":""-""}","{""duration_ms"":1400,""sample_rate"":16000,""channels"":1,""format"":""wav"",""language"":""普通话"",""speaker_count"":1,""signal_conditions"":[""synthetic"",""clean""]}",普通话,"{""synthetic"":true,""data_classification"":""synthetic_engineering_validation"",""validation_scope"":""synthetic_engineering_validation"",""capability_chain"":""C02"",""source_sha256"":""d3363bace2f95e59d5295ac99461bcfcb9620e07a7162aa5625c270e7395a166"",""fixture_variant"":""short_translation""}",会议/办公语音翻译,短句语翻,C02,语音识别|机器翻译,"{""transcript"":""播放下一段音频"",""translation"":""Play the next audio segment"",""intent"":""-"",""slots"":""-"",""expected_action"":""-"",""expected_reply"":""-"",""translation_context"":""-"",""annotation_version"":""fixture-2.0""}",播放下一段音频,"{""transcript"":""播放下一段"",""translation"":""Play the next audio segment"",""intent"":""-"",""slots"":""-"",""action"":""-"",""reply"":""-"",""model_version"":""deterministic-fixture-2.0"",""run_id"":""RUN-SYN-0075""}",播放下一段,0.285714,失败,synthetic://SYN-0075.wav,d3363bace2f95e59d5295ac99461bcfcb9620e07a7162aa5625c270e7395a166,SYN-0075
SYN-0076,会议/办公语音翻译,长句/上下文翻译,inputs/SYN-0076.json,"{""type"":""synthetic_audio_fixture"",""path"":""inputs/SYN-0076.json"",""source_id"":""synthetic://SYN-0076.wav"",""data_classification"":""synthetic_engineering_validation"",""subscene_type"":""长句/上下文翻译"",""fixture_variant"":""long_context_translation"",""dialogue_turns"":[{""轮次"":1,""角色"":""主持人"",""内容"":""上下文：合同条款核对""},{""轮次"":2,""角色"":""用户"",""内容"":""请将合同中的付款节点翻译清楚，并提醒法务核对违约条款是否与补充协议一致。""}]}","{""duration_ms"":1500,""sample_rate"":16000,""channels"":1,""format"":""wav"",""language"":""普通话"",""speaker_count"":1,""signal_conditions"":[""synthetic"",""clean""]}",普通话,"{""synthetic"":true,""data_classification"":""synthetic_engineering_validation"",""validation_scope"":""synthetic_engineering_validation"",""capability_chain"":""C02"",""source_sha256"":""0768ae2bc52f367e855906a9ae4ac8ccdf3374beb73edb4f19627864b6360ce2"",""fixture_variant"":""long_context_translation""}",会议/办公语音翻译,长句/上下文翻译,C02,语音识别|机器翻译,"{""transcript"":""请将合同中的付款节点翻译清楚，并提醒法务核对违约条款是否与补充协议一致。"",""translation"":""Translate the payment milestones in the contract clearly and remind legal to check whether the breach clauses match the supplemental agreement."",""intent"":""-"",""slots"":""-"",""expected_action"":""-"",""expected_reply"":""-"",""translation_context"":""合同条款核对"",""annotation_version"":""fixture-2.0""}",请将合同中的付款节点翻译清楚，并提醒法务核对违约条款是否与补充协议一致。,"{""transcript"":""请将"",""translation"":""Translate the payment milestones in the contract clearly and remind legal to check whether the breach clauses match the supplemental agreement."",""intent"":""-"",""slots"":""-"",""action"":""-"",""reply"":""-"",""model_version"":""deterministic-fixture-2.0"",""run_id"":""RUN-SYN-0076""}",请将,0.941176,失败,synthetic://SYN-0076.wav,0768ae2bc52f367e855906a9ae4ac8ccdf3374beb73edb4f19627864b6360ce2,SYN-0076
SYN-0077,车载/语音助手交互,设备控制,inputs/SYN-0077.json,"{""type"":""synthetic_audio_fixture"",""path"":""inputs/SYN-0077.json"",""source_id"":""synthetic://SYN-0077.wav"",""data_classification"":""synthetic_engineering_validation"",""subscene_type"":""设备控制"",""fixture_variant"":""device_control"",""dialogue_turns"":""-""}","{""duration_ms"":1600,""sample_rate"":16000,""channels"":1,""format"":""wav"",""language"":""普通话"",""speaker_count"":1,""signal_conditions"":[""synthetic"",""clean""]}",普通话,"{""synthetic"":true,""data_classification"":""synthetic_engineering_validation"",""validation_scope"":""synthetic_engineering_validation"",""capability_chain"":""C03"",""source_sha256"":""ce0214aeb672067622c62fb5deac8bd3c8715cd1d2ca941b51b8f0e896847c9b"",""fixture_variant"":""device_control""}",车载/语音助手交互,设备控制,C03,语音识别|语义理解|对话生成,"{""transcript"":""打开客厅电视"",""translation"":""-"",""intent"":""设备控制"",""slots"":{""设备"":""电视"",""位置"":""客厅""},""expected_action"":""turn_on"",""expected_reply"":""已打开客厅电视"",""translation_context"":""-"",""annotation_version"":""fixture-2.0""}",打开客厅电视,"{""transcript"":""打开客厅电视"",""translation"":""-"",""intent"":""设备控制"",""slots"":{""设备"":""电视"",""位置"":""客厅""},""action"":""turn_on"",""reply"":""已打开客厅电视"",""model_version"":""deterministic-fixture-2.0"",""run_id"":""RUN-SYN-0077""}",打开客厅电视,0.000000,通过,synthetic://SYN-0077.wav,ce0214aeb672067622c62fb5deac8bd3c8715cd1d2ca941b51b8f0e896847c9b,SYN-0077
SYN-0078,车载/语音助手交互,信息查询/多轮任务,inputs/SYN-0078.json,"{""type"":""synthetic_audio_fixture"",""path"":""inputs/SYN-0078.json"",""source_id"":""synthetic://SYN-0078.wav"",""data_classification"":""synthetic_engineering_validation"",""subscene_type"":""信息查询/多轮任务"",""fixture_variant"":""multi_turn_query"",""dialogue_turns"":[{""轮次"":1,""角色"":""用户"",""内容"":""我想了解郑州的安排。""},{""轮次"":2,""角色"":""系统"",""内容"":""好的，请问你想查询什么？""},{""轮次"":3,""角色"":""用户"",""内容"":""请查询明天郑州的火车信息""}]}","{""duration_ms"":1700,""sample_rate"":16000,""channels"":1,""format"":""wav"",""language"":""普通话"",""speaker_count"":1,""signal_conditions"":[""synthetic"",""clean""]}",普通话,"{""synthetic"":true,""data_classification"":""synthetic_engineering_validation"",""validation_scope"":""synthetic_engineering_validation"",""capability_chain"":""C03"",""source_sha256"":""5ab626d71a355a37ca4fcdfe6e89143c0f7479e0b98b5a2d593d9a7ad2e3683d"",""fixture_variant"":""multi_turn_query""}",车载/语音助手交互,信息查询/多轮任务,C03,语音识别|语义理解|对话生成,"{""transcript"":""请查询明天郑州的火车信息"",""translation"":""-"",""intent"":""信息查询"",""slots"":{""地点"":""郑州"",""日期"":""明天""},""expected_action"":""query_train"",""expected_reply"":""郑州明天有三趟直达列车"",""translation_context"":""-"",""annotation_version"":""fixture-2.0""}",请查询明天郑州的火车信息,"{""transcript"":""请查询明天郑州的火车信"",""translation"":""-"",""intent"":""信息查询"",""slots"":{""地点"":""郑州"",""日期"":""明天""},""action"":""query_train"",""reply"":""郑州明天有三趟直达列车"",""model_version"":""deterministic-fixture-2.0"",""run_id"":""RUN-SYN-0078""}",请查询明天郑州的火车信,0.083333,通过,synthetic://SYN-0078.wav,5ab626d71a355a37ca4fcdfe6e89143c0f7479e0b98b5a2d593d9a7ad2e3683d,SYN-0078
SYN-0079,短语音/录音转写,普通话口述,inputs/SYN-0079.json,"{""type"":""synthetic_audio_fixture"",""path"":""inputs/SYN-0079.json"",""source_id"":""synthetic://SYN-0079.wav"",""data_classification"":""synthetic_engineering_validation"",""subscene_type"":""普通话口述"",""fixture_variant"":""clean_mandarin"",""dialogue_turns"":""-""}","{""duration_ms"":1800,""sample_rate"":16000,""channels"":1,""format"":""wav"",""language"":""普通话"",""speaker_count"":1,""signal_conditions"":[""synthetic"",""clean""]}",普通话,"{""synthetic"":true,""data_classification"":""synthetic_engineering_validation"",""validation_scope"":""synthetic_engineering_validation"",""capability_chain"":""C01"",""source_sha256"":""0bd92a542c6433c65eca05252fe3e5a47524108ba8edca54f2b5f0c63af96846"",""fixture_variant"":""clean_mandarin""}",短语音/录音转写,普通话口述,C01,语音识别,"{""transcript"":""提醒我在晚饭后给家人回电话"",""translation"":""-"",""intent"":""-"",""slots"":""-"",""expected_action"":""-"",""expected_reply"":""-"",""translation_context"":""-"",""annotation_version"":""fixture-2.0""}",提醒我在晚饭后给家人回电话,"{""transcript"":""提醒我在晚饭后给家人回"",""translation"":""-"",""intent"":""-"",""slots"":""-"",""action"":""-"",""reply"":""-"",""model_version"":""deterministic-fixture-2.0"",""run_id"":""RUN-SYN-0079""}",提醒我在晚饭后给家人回,0.153846,需关注,synthetic://SYN-0079.wav,0bd92a542c6433c65eca05252fe3e5a47524108ba8edca54f2b5f0c63af96846,SYN-0079
SYN-0080,短语音/录音转写,噪声/数字英文混合,inputs/SYN-0080.json,"{""type"":""synthetic_audio_fixture"",""path"":""inputs/SYN-0080.json"",""source_id"":""synthetic://SYN-0080.wav"",""data_classification"":""synthetic_engineering_validation"",""subscene_type"":""噪声/数字英文混合"",""fixture_variant"":""noise_mixed_alphanumeric"",""dialogue_turns"":""-""}","{""duration_ms"":1900,""sample_rate"":16000,""channels"":1,""format"":""wav"",""language"":""普通话"",""speaker_count"":1,""signal_conditions"":[""synthetic"",""noise"",""mixed_alphanumeric""]}",普通话,"{""synthetic"":true,""data_classification"":""synthetic_engineering_validation"",""validation_scope"":""synthetic_engineering_validation"",""capability_chain"":""C01"",""source_sha256"":""1ecd109eaf34065aae52355da213bb45b9acba2c8df4401a83b935d9f63fb691"",""fixture_variant"":""noise_mixed_alphanumeric""}",短语音/录音转写,噪声/数字英文混合,C01,语音识别,"{""transcript"":""把服务器 node-03 的状态改为维护"",""translation"":""-"",""intent"":""-"",""slots"":""-"",""expected_action"":""-"",""expected_reply"":""-"",""translation_context"":""-"",""annotation_version"":""fixture-2.0""}",把服务器 node-03 的状态改为维护,"{""transcript"":""把服"",""translation"":""-"",""intent"":""-"",""slots"":""-"",""action"":""-"",""reply"":""-"",""model_version"":""deterministic-fixture-2.0"",""run_id"":""RUN-SYN-0080""}",把服,0.882353,失败,synthetic://SYN-0080.wav,1ecd109eaf34065aae52355da213bb45b9acba2c8df4401a83b935d9f63fb691,SYN-0080
SYN-0081,会议/办公语音翻译,短句语翻,inputs/SYN-0081.json,"{""type"":""synthetic_audio_fixture"",""path"":""inputs/SYN-0081.json"",""source_id"":""synthetic://SYN-0081.wav"",""data_classification"":""synthetic_engineering_validation"",""subscene_type"":""短句语翻"",""fixture_variant"":""short_translation"",""dialogue_turns"":""-""}","{""duration_ms"":2000,""sample_rate"":16000,""channels"":1,""format"":""wav"",""language"":""普通话"",""speaker_count"":1,""signal_conditions"":[""synthetic"",""clean""]}",普通话,"{""synthetic"":true,""data_classification"":""synthetic_engineering_validation"",""validation_scope"":""synthetic_engineering_validation"",""capability_chain"":""C02"",""source_sha256"":""6e0ccb345646d868114a28c4e524e05f2e3131c88ddb4a414d4934f990e07e36"",""fixture_variant"":""short_translation""}",会议/办公语音翻译,短句语翻,C02,语音识别|机器翻译,"{""transcript"":""请保存翻译结果"",""translation"":""Please save the translation result"",""intent"":""-"",""slots"":""-"",""expected_action"":""-"",""expected_reply"":""-"",""translation_context"":""-"",""annotation_version"":""fixture-2.0""}",请保存翻译结果,"{""transcript"":""请保存翻译结果"",""translation"":""save the translation result"",""intent"":""-"",""slots"":""-"",""action"":""-"",""reply"":""-"",""model_version"":""deterministic-fixture-2.0"",""run_id"":""RUN-SYN-0081""}",请保存翻译结果,0.000000,通过,synthetic://SYN-0081.wav,6e0ccb345646d868114a28c4e524e05f2e3131c88ddb4a414d4934f990e07e36,SYN-0081
SYN-0082,会议/办公语音翻译,长句/上下文翻译,inputs/SYN-0082.json,"{""type"":""synthetic_audio_fixture"",""path"":""inputs/SYN-0082.json"",""source_id"":""synthetic://SYN-0082.wav"",""data_classification"":""synthetic_engineering_validation"",""subscene_type"":""长句/上下文翻译"",""fixture_variant"":""long_context_translation"",""dialogue_turns"":[{""轮次"":1,""角色"":""主持人"",""内容"":""上下文：客户拜访出差""},{""轮次"":2,""角色"":""用户"",""内容"":""在安排出差前先确认客户的可用时间，再预订距离会场步行可达的酒店并保存发票信息。""}]}","{""duration_ms"":1200,""sample_rate"":16000,""channels"":1,""format"":""wav"",""language"":""普通话"",""speaker_count"":1,""signal_conditions"":[""synthetic"",""clean""]}",普通话,"{""synthetic"":true,""data_classification"":""synthetic_engineering_validation"",""validation_scope"":""synthetic_engineering_validation"",""capability_chain"":""C02"",""source_sha256"":""c4c5661786f261f869adf6a8cfbe2a9c4d99a6ff8c8fff370f91eab2e738106d"",""fixture_variant"":""long_context_translation""}",会议/办公语音翻译,长句/上下文翻译,C02,语音识别|机器翻译,"{""transcript"":""在安排出差前先确认客户的可用时间，再预订距离会场步行可达的酒店并保存发票信息。"",""translation"":""Before arranging the business trip, confirm the customer's available time, then book a hotel within walking distance of the venue and save the invoice information."",""intent"":""-"",""slots"":""-"",""expected_action"":""-"",""expected_reply"":""-"",""translation_context"":""客户拜访出差"",""annotation_version"":""fixture-2.0""}",在安排出差前先确认客户的可用时间，再预订距离会场步行可达的酒店并保存发票信息。,"{""transcript"":""在安排出差前先确认客户的可用时间，再预订距离会场步行可达的酒店并保存发票信息"",""translation"":""Before arranging the business trip, confirm the customer's available time, then book a hotel within walking distance of the venue and save the invoice information."",""intent"":""-"",""slots"":""-"",""action"":""-"",""reply"":""-"",""model_version"":""deterministic-fixture-2.0"",""run_id"":""RUN-SYN-0082""}",在安排出差前先确认客户的可用时间，再预订距离会场步行可达的酒店并保存发票信息,0.000000,通过,synthetic://SYN-0082.wav,c4c5661786f261f869adf6a8cfbe2a9c4d99a6ff8c8fff370f91eab2e738106d,SYN-0082
SYN-0083,车载/语音助手交互,设备控制,inputs/SYN-0083.json,"{""type"":""synthetic_audio_fixture"",""path"":""inputs/SYN-0083.json"",""source_id"":""synthetic://SYN-0083.wav"",""data_classification"":""synthetic_engineering_validation"",""subscene_type"":""设备控制"",""fixture_variant"":""device_control"",""dialogue_turns"":""-""}","{""duration_ms"":1300,""sample_rate"":16000,""channels"":1,""format"":""wav"",""language"":""普通话"",""speaker_count"":1,""signal_conditions"":[""synthetic"",""clean""]}",普通话,"{""synthetic"":true,""data_classification"":""synthetic_engineering_validation"",""validation_scope"":""synthetic_engineering_validation"",""capability_chain"":""C03"",""source_sha256"":""e6930685b805ae5c7d04403b10beb70d9ef03bcb540929e70382f01e02afefa5"",""fixture_variant"":""device_control""}",车载/语音助手交互,设备控制,C03,语音识别|语义理解|对话生成,"{""transcript"":""关闭书房显示器"",""translation"":""-"",""intent"":""设备控制"",""slots"":{""设备"":""显示器"",""位置"":""书房""},""expected_action"":""turn_off"",""expected_reply"":""已关闭书房显示器"",""translation_context"":""-"",""annotation_version"":""fixture-2.0""}",关闭书房显示器,"{""transcript"":""关闭书房显"",""translation"":""-"",""intent"":""设备控制"",""slots"":{""设备"":""显示器"",""位置"":""书房""},""action"":""turn_off"",""reply"":""已关闭书房显示器"",""model_version"":""deterministic-fixture-2.0"",""run_id"":""RUN-SYN-0083""}",关闭书房显,0.285714,失败,synthetic://SYN-0083.wav,e6930685b805ae5c7d04403b10beb70d9ef03bcb540929e70382f01e02afefa5,SYN-0083
SYN-0084,车载/语音助手交互,信息查询/多轮任务,inputs/SYN-0084.json,"{""type"":""synthetic_audio_fixture"",""path"":""inputs/SYN-0084.json"",""source_id"":""synthetic://SYN-0084.wav"",""data_classification"":""synthetic_engineering_validation"",""subscene_type"":""信息查询/多轮任务"",""fixture_variant"":""multi_turn_query"",""dialogue_turns"":[{""轮次"":1,""角色"":""用户"",""内容"":""我想了解重庆的安排。""},{""轮次"":2,""角色"":""系统"",""内容"":""好的，请问你想查询什么？""},{""轮次"":3,""角色"":""用户"",""内容"":""请查询周六重庆的电影信息""}]}","{""duration_ms"":1400,""sample_rate"":16000,""channels"":1,""format"":""wav"",""language"":""普通话"",""speaker_count"":1,""signal_conditions"":[""synthetic"",""clean""]}",普通话,"{""synthetic"":true,""data_classification"":""synthetic_engineering_validation"",""validation_scope"":""synthetic_engineering_validation"",""capability_chain"":""C03"",""source_sha256"":""a548a279db950a9206f04fac0d6457698cea5f25b9b3ca390f624e1311515a73"",""fixture_variant"":""multi_turn_query""}",车载/语音助手交互,信息查询/多轮任务,C03,语音识别|语义理解|对话生成,"{""transcript"":""请查询周六重庆的电影信息"",""translation"":""-"",""intent"":""信息查询"",""slots"":{""地点"":""重庆"",""日期"":""周六""},""expected_action"":""query_movies"",""expected_reply"":""重庆周六有两部收藏电影上映"",""translation_context"":""-"",""annotation_version"":""fixture-2.0""}",请查询周六重庆的电影信息,"{""transcript"":""请查"",""translation"":""-"",""intent"":""信息查询"",""slots"":{""地点"":""重庆"",""日期"":""周六""},""action"":""query_movies"",""reply"":""重庆周六有两部收藏电影上映"",""model_version"":""deterministic-fixture-2.0"",""run_id"":""RUN-SYN-0084""}",请查,0.833333,失败,synthetic://SYN-0084.wav,a548a279db950a9206f04fac0d6457698cea5f25b9b3ca390f624e1311515a73,SYN-0084
SYN-0085,短语音/录音转写,普通话口述,inputs/SYN-0085.json,"{""type"":""synthetic_audio_fixture"",""path"":""inputs/SYN-0085.json"",""source_id"":""synthetic://SYN-0085.wav"",""data_classification"":""synthetic_engineering_validation"",""subscene_type"":""普通话口述"",""fixture_variant"":""clean_mandarin"",""dialogue_turns"":""-""}","{""duration_ms"":1500,""sample_rate"":16000,""channels"":1,""format"":""wav"",""language"":""普通话"",""speaker_count"":1,""signal_conditions"":[""synthetic"",""clean""]}",普通话,"{""synthetic"":true,""data_classification"":""synthetic_engineering_validation"",""validation_scope"":""synthetic_engineering_validation"",""capability_chain"":""C01"",""source_sha256"":""453e6c27b8b95bdf6f36696d7b024127b1c8fc4e56f33f3b37f0716d4b750ce9"",""fixture_variant"":""clean_mandarin""}",短语音/录音转写,普通话口述,C01,语音识别,"{""transcript"":""请把会议室的投影仪关闭"",""translation"":""-"",""intent"":""-"",""slots"":""-"",""expected_action"":""-"",""expected_reply"":""-"",""translation_context"":""-"",""annotation_version"":""fixture-2.0""}",请把会议室的投影仪关闭,"{""transcript"":""请把会议室的投影仪关闭"",""translation"":""-"",""intent"":""-"",""slots"":""-"",""action"":""-"",""reply"":""-"",""model_version"":""deterministic-fixture-2.0"",""run_id"":""RUN-SYN-0085""}",请把会议室的投影仪关闭,0.000000,通过,synthetic://SYN-0085.wav,453e6c27b8b95bdf6f36696d7b024127b1c8fc4e56f33f3b37f0716d4b750ce9,SYN-0085
SYN-0086,短语音/录音转写,噪声/数字英文混合,inputs/SYN-0086.json,"{""type"":""synthetic_audio_fixture"",""path"":""inputs/SYN-0086.json"",""source_id"":""synthetic://SYN-0086.wav"",""data_classification"":""synthetic_engineering_validation"",""subscene_type"":""噪声/数字英文混合"",""fixture_variant"":""noise_mixed_alphanumeric"",""dialogue_turns"":""-""}","{""duration_ms"":1600,""sample_rate"":16000,""channels"":1,""format"":""wav"",""language"":""普通话"",""speaker_count"":1,""signal_conditions"":[""synthetic"",""noise"",""mixed_alphanumeric""]}",普通话,"{""synthetic"":true,""data_classification"":""synthetic_engineering_validation"",""validation_scope"":""synthetic_engineering_validation"",""capability_chain"":""C01"",""source_sha256"":""b31067465c2e31508de5a7ab17d331f41d9d851f9a3943d537440f45b79381df"",""fixture_variant"":""noise_mixed_alphanumeric""}",短语音/录音转写,噪声/数字英文混合,C01,语音识别,"{""transcript"":""请在 5 分钟后提醒我检查 API"",""translation"":""-"",""intent"":""-"",""slots"":""-"",""expected_action"":""-"",""expected_reply"":""-"",""translation_context"":""-"",""annotation_version"":""fixture-2.0""}",请在 5 分钟后提醒我检查 API,"{""transcript"":""请在 5 分钟后提醒我检查 AP"",""translation"":""-"",""intent"":""-"",""slots"":""-"",""action"":""-"",""reply"":""-"",""model_version"":""deterministic-fixture-2.0"",""run_id"":""RUN-SYN-0086""}",请在 5 分钟后提醒我检查 AP,0.071429,通过,synthetic://SYN-0086.wav,b31067465c2e31508de5a7ab17d331f41d9d851f9a3943d537440f45b79381df,SYN-0086
SYN-0087,会议/办公语音翻译,短句语翻,inputs/SYN-0087.json,"{""type"":""synthetic_audio_fixture"",""path"":""inputs/SYN-0087.json"",""source_id"":""synthetic://SYN-0087.wav"",""data_classification"":""synthetic_engineering_validation"",""subscene_type"":""短句语翻"",""fixture_variant"":""short_translation"",""dialogue_turns"":""-""}","{""duration_ms"":1700,""sample_rate"":16000,""channels"":1,""format"":""wav"",""language"":""普通话"",""speaker_count"":1,""signal_conditions"":[""synthetic"",""clean""]}",普通话,"{""synthetic"":true,""data_classification"":""synthetic_engineering_validation"",""validation_scope"":""synthetic_engineering_validation"",""capability_chain"":""C02"",""source_sha256"":""56b5f31df49d566690ff0fd044d9196c159aab56fa483993703a8aaf0ad5a453"",""fixture_variant"":""short_translation""}",会议/办公语音翻译,短句语翻,C02,语音识别|机器翻译,"{""transcript"":""打开会议链接"",""translation"":""Open the meeting link"",""intent"":""-"",""slots"":""-"",""expected_action"":""-"",""expected_reply"":""-"",""translation_context"":""-"",""annotation_version"":""fixture-2.0""}",打开会议链接,"{""transcript"":""打开会议"",""translation"":""Open the meeting link"",""intent"":""-"",""slots"":""-"",""action"":""-"",""reply"":""-"",""model_version"":""deterministic-fixture-2.0"",""run_id"":""RUN-SYN-0087""}",打开会议,0.333333,失败,synthetic://SYN-0087.wav,56b5f31df49d566690ff0fd044d9196c159aab56fa483993703a8aaf0ad5a453,SYN-0087
SYN-0088,会议/办公语音翻译,长句/上下文翻译,inputs/SYN-0088.json,"{""type"":""synthetic_audio_fixture"",""path"":""inputs/SYN-0088.json"",""source_id"":""synthetic://SYN-0088.wav"",""data_classification"":""synthetic_engineering_validation"",""subscene_type"":""长句/上下文翻译"",""fixture_variant"":""long_context_translation"",""dialogue_turns"":[{""轮次"":1,""角色"":""主持人"",""内容"":""上下文：测试环境排障""},{""轮次"":2,""角色"":""用户"",""内容"":""如果测试环境的登录仍然失败，请把复现步骤和最近一次成功登录的时间一起写入缺陷单。""}]}","{""duration_ms"":1800,""sample_rate"":16000,""channels"":1,""format"":""wav"",""language"":""普通话"",""speaker_count"":1,""signal_conditions"":[""synthetic"",""clean""]}",普通话,"{""synthetic"":true,""data_classification"":""synthetic_engineering_validation"",""validation_scope"":""synthetic_engineering_validation"",""capability_chain"":""C02"",""source_sha256"":""650a2894ef2432e932adf88f2a7addbfcc15406888acbece75ecca0056761b32"",""fixture_variant"":""long_context_translation""}",会议/办公语音翻译,长句/上下文翻译,C02,语音识别|机器翻译,"{""transcript"":""如果测试环境的登录仍然失败，请把复现步骤和最近一次成功登录的时间一起写入缺陷单。"",""translation"":""If login to the test environment still fails, put the reproduction steps and the time of the most recent successful login in the defect ticket."",""intent"":""-"",""slots"":""-"",""expected_action"":""-"",""expected_reply"":""-"",""translation_context"":""测试环境排障"",""annotation_version"":""fixture-2.0""}",如果测试环境的登录仍然失败，请把复现步骤和最近一次成功登录的时间一起写入缺陷单。,"{""transcript"":""如果"",""translation"":""If login to the test environment still fails, put the reproduction steps and the time of the most recent successful login in the defect ticket."",""intent"":""-"",""slots"":""-"",""action"":""-"",""reply"":""-"",""model_version"":""deterministic-fixture-2.0"",""run_id"":""RUN-SYN-0088""}",如果,0.947368,失败,synthetic://SYN-0088.wav,650a2894ef2432e932adf88f2a7addbfcc15406888acbece75ecca0056761b32,SYN-0088
SYN-0089,车载/语音助手交互,设备控制,inputs/SYN-0089.json,"{""type"":""synthetic_audio_fixture"",""path"":""inputs/SYN-0089.json"",""source_id"":""synthetic://SYN-0089.wav"",""data_classification"":""synthetic_engineering_validation"",""subscene_type"":""设备控制"",""fixture_variant"":""device_control"",""dialogue_turns"":""-""}","{""duration_ms"":1900,""sample_rate"":16000,""channels"":1,""format"":""wav"",""language"":""普通话"",""speaker_count"":1,""signal_conditions"":[""synthetic"",""clean""]}",普通话,"{""synthetic"":true,""data_classification"":""synthetic_engineering_validation"",""validation_scope"":""synthetic_engineering_validation"",""capability_chain"":""C03"",""source_sha256"":""b3711cb0670288071655600c10a09bb6af1b070d591525d933d46084977587b0"",""fixture_variant"":""device_control""}",车载/语音助手交互,设备控制,C03,语音识别|语义理解|对话生成,"{""transcript"":""把餐厅灯带亮度调到百分之六十"",""translation"":""-"",""intent"":""设备控制"",""slots"":{""设备"":""灯带"",""位置"":""餐厅"",""亮度"":60},""expected_action"":""set_brightness"",""expected_reply"":""餐厅灯带亮度已调到60%"",""translation_context"":""-"",""annotation_version"":""fixture-2.0""}",把餐厅灯带亮度调到百分之六十,"{""transcript"":""把餐厅灯带亮度调到百分之六十"",""translation"":""-"",""intent"":""设备控制"",""slots"":{""设备"":""灯带"",""位置"":""餐厅"",""亮度"":60},""action"":""set_brightness"",""reply"":""餐厅灯带亮度已调到60%"",""model_version"":""deterministic-fixture-2.0"",""run_id"":""RUN-SYN-0089""}",把餐厅灯带亮度调到百分之六十,0.000000,通过,synthetic://SYN-0089.wav,b3711cb0670288071655600c10a09bb6af1b070d591525d933d46084977587b0,SYN-0089
SYN-0090,车载/语音助手交互,信息查询/多轮任务,inputs/SYN-0090.json,"{""type"":""synthetic_audio_fixture"",""path"":""inputs/SYN-0090.json"",""source_id"":""synthetic://SYN-0090.wav"",""data_classification"":""synthetic_engineering_validation"",""subscene_type"":""信息查询/多轮任务"",""fixture_variant"":""multi_turn_query"",""dialogue_turns"":[{""轮次"":1,""角色"":""用户"",""内容"":""我想了解合肥的安排。""},{""轮次"":2,""角色"":""系统"",""内容"":""好的，请问你想查询什么？""},{""轮次"":3,""角色"":""用户"",""内容"":""请查询今天合肥的待办信息""}]}","{""duration_ms"":2000,""sample_rate"":16000,""channels"":1,""format"":""wav"",""language"":""普通话"",""speaker_count"":1,""signal_conditions"":[""synthetic"",""clean""]}",普通话,"{""synthetic"":true,""data_classification"":""synthetic_engineering_validation"",""validation_scope"":""synthetic_engineering_validation"",""capability_chain"":""C03"",""source_sha256"":""59770aa47237b021d1e56bb143c53136a0eafc33faabbca3442bd95eaf076e50"",""fixture_variant"":""multi_turn_query""}",车载/语音助手交互,信息查询/多轮任务,C03,语音识别|语义理解|对话生成,"{""transcript"":""请查询今天合肥的待办信息"",""translation"":""-"",""intent"":""信息查询"",""slots"":{""地点"":""合肥"",""日期"":""今天""},""expected_action"":""query_todos"",""expected_reply"":""合肥今天还有六项待办事项"",""translation_context"":""-"",""annotation_version"":""fixture-2.0""}",请查询今天合肥的待办信息,"{""transcript"":""请查询今天合肥的待办信"",""translation"":""-"",""intent"":""信息查询"",""slots"":{""地点"":""合肥"",""日期"":""今天""},""action"":""query_todos"",""reply"":""合肥今天还有六项待办事项"",""model_version"":""deterministic-fixture-2.0"",""run_id"":""RUN-SYN-0090""}",请查询今天合肥的待办信,0.083333,通过,synthetic://SYN-0090.wav,59770aa47237b021d1e56bb143c53136a0eafc33faabbca3442bd95eaf076e50,SYN-0090
SYN-0091,短语音/录音转写,普通话口述,inputs/SYN-0091.json,"{""type"":""synthetic_audio_fixture"",""path"":""inputs/SYN-0091.json"",""source_id"":""synthetic://SYN-0091.wav"",""data_classification"":""synthetic_engineering_validation"",""subscene_type"":""普通话口述"",""fixture_variant"":""clean_mandarin"",""dialogue_turns"":""-""}","{""duration_ms"":1200,""sample_rate"":16000,""channels"":1,""format"":""wav"",""language"":""普通话"",""speaker_count"":1,""signal_conditions"":[""synthetic"",""clean""]}",普通话,"{""synthetic"":true,""data_classification"":""synthetic_engineering_validation"",""validation_scope"":""synthetic_engineering_validation"",""capability_chain"":""C01"",""source_sha256"":""3f69ca137fb13c7e0071a5592eb27557847ceeef63d8d1f2a507552e3ff3fa95"",""fixture_variant"":""clean_mandarin""}",短语音/录音转写,普通话口述,C01,语音识别,"{""transcript"":""把采购申请单发送给财务部门"",""translation"":""-"",""intent"":""-"",""slots"":""-"",""expected_action"":""-"",""expected_reply"":""-"",""translation_context"":""-"",""annotation_version"":""fixture-2.0""}",把采购申请单发送给财务部门,"{""transcript"":""把采购申请单发送给财务"",""translation"":""-"",""intent"":""-"",""slots"":""-"",""action"":""-"",""reply"":""-"",""model_version"":""deterministic-fixture-2.0"",""run_id"":""RUN-SYN-0091""}",把采购申请单发送给财务,0.153846,需关注,synthetic://SYN-0091.wav,3f69ca137fb13c7e0071a5592eb27557847ceeef63d8d1f2a507552e3ff3fa95,SYN-0091
SYN-0092,短语音/录音转写,噪声/数字英文混合,inputs/SYN-0092.json,"{""type"":""synthetic_audio_fixture"",""path"":""inputs/SYN-0092.json"",""source_id"":""synthetic://SYN-0092.wav"",""data_classification"":""synthetic_engineering_validation"",""subscene_type"":""噪声/数字英文混合"",""fixture_variant"":""noise_mixed_alphanumeric"",""dialogue_turns"":""-""}","{""duration_ms"":1300,""sample_rate"":16000,""channels"":1,""format"":""wav"",""language"":""普通话"",""speaker_count"":1,""signal_conditions"":[""synthetic"",""noise"",""mixed_alphanumeric""]}",普通话,"{""synthetic"":true,""data_classification"":""synthetic_engineering_validation"",""validation_scope"":""synthetic_engineering_validation"",""capability_chain"":""C01"",""source_sha256"":""49ab89fd0b8bb917ffd33cc71fc18c553df49105b7d9d678536b7a8523c59a33"",""fixture_variant"":""noise_mixed_alphanumeric""}",短语音/录音转写,噪声/数字英文混合,C01,语音识别,"{""transcript"":""工单 TCK-7788 的优先级设为 P1"",""translation"":""-"",""intent"":""-"",""slots"":""-"",""expected_action"":""-"",""expected_reply"":""-"",""translation_context"":""-"",""annotation_version"":""fixture-2.0""}",工单 TCK-7788 的优先级设为 P1,"{""transcript"":""工单"",""translation"":""-"",""intent"":""-"",""slots"":""-"",""action"":""-"",""reply"":""-"",""model_version"":""deterministic-fixture-2.0"",""run_id"":""RUN-SYN-0092""}",工单,0.882353,失败,synthetic://SYN-0092.wav,49ab89fd0b8bb917ffd33cc71fc18c553df49105b7d9d678536b7a8523c59a33,SYN-0092
SYN-0093,会议/办公语音翻译,短句语翻,inputs/SYN-0093.json,"{""type"":""synthetic_audio_fixture"",""path"":""inputs/SYN-0093.json"",""source_id"":""synthetic://SYN-0093.wav"",""data_classification"":""synthetic_engineering_validation"",""subscene_type"":""短句语翻"",""fixture_variant"":""short_translation"",""dialogue_turns"":""-""}","{""duration_ms"":1400,""sample_rate"":16000,""channels"":1,""format"":""wav"",""language"":""普通话"",""speaker_count"":1,""signal_conditions"":[""synthetic"",""clean""]}",普通话,"{""synthetic"":true,""data_classification"":""synthetic_engineering_validation"",""validation_scope"":""synthetic_engineering_validation"",""capability_chain"":""C02"",""source_sha256"":""2eea299da2e29714d5bb9e18b265902768bd1d34f5204a2f538e93dbeb3a4925"",""fixture_variant"":""short_translation""}",会议/办公语音翻译,短句语翻,C02,语音识别|机器翻译,"{""transcript"":""把摘要复制到剪贴板"",""translation"":""Copy the summary to the clipboard"",""intent"":""-"",""slots"":""-"",""expected_action"":""-"",""expected_reply"":""-"",""translation_context"":""-"",""annotation_version"":""fixture-2.0""}",把摘要复制到剪贴板,"{""transcript"":""把摘要复制到剪贴板"",""translation"":""Copy the summary to the clipboard"",""intent"":""-"",""slots"":""-"",""action"":""-"",""reply"":""-"",""model_version"":""deterministic-fixture-2.0"",""run_id"":""RUN-SYN-0093""}",把摘要复制到剪贴板,0.000000,通过,synthetic://SYN-0093.wav,2eea299da2e29714d5bb9e18b265902768bd1d34f5204a2f538e93dbeb3a4925,SYN-0093
SYN-0094,会议/办公语音翻译,长句/上下文翻译,inputs/SYN-0094.json,"{""type"":""synthetic_audio_fixture"",""path"":""inputs/SYN-0094.json"",""source_id"":""synthetic://SYN-0094.wav"",""data_classification"":""synthetic_engineering_validation"",""subscene_type"":""长句/上下文翻译"",""fixture_variant"":""long_context_translation"",""dialogue_turns"":[{""轮次"":1,""角色"":""主持人"",""内容"":""上下文：值班安排同步""},{""轮次"":2,""角色"":""用户"",""内容"":""请把本周的值班安排翻译给海外团队，并特别标出周末负责处理紧急故障的联系人。""}]}","{""duration_ms"":1500,""sample_rate"":16000,""channels"":1,""format"":""wav"",""language"":""普通话"",""speaker_count"":1,""signal_conditions"":[""synthetic"",""clean""]}",普通话,"{""synthetic"":true,""data_classification"":""synthetic_engineering_validation"",""validation_scope"":""synthetic_engineering_validation"",""capability_chain"":""C02"",""source_sha256"":""476dfe4d438ea286271524cd3dad1174cb1b77986c21e11584abde51a911076f"",""fixture_variant"":""long_context_translation""}",会议/办公语音翻译,长句/上下文翻译,C02,语音识别|机器翻译,"{""transcript"":""请把本周的值班安排翻译给海外团队，并特别标出周末负责处理紧急故障的联系人。"",""translation"":""Translate this week's duty roster for the overseas team and specifically mark the contact responsible for urgent incidents on the weekend."",""intent"":""-"",""slots"":""-"",""expected_action"":""-"",""expected_reply"":""-"",""translation_context"":""值班安排同步"",""annotation_version"":""fixture-2.0""}",请把本周的值班安排翻译给海外团队，并特别标出周末负责处理紧急故障的联系人。,"{""transcript"":""请把本周的值班安排翻译给海外团队，并特别标出周末负责处理紧急故障的联系人"",""translation"":""Translate this week's duty roster for the overseas team and specifically mark the contact responsible for urgent incidents on the weekend."",""intent"":""-"",""slots"":""-"",""action"":""-"",""reply"":""-"",""model_version"":""deterministic-fixture-2.0"",""run_id"":""RUN-SYN-0094""}",请把本周的值班安排翻译给海外团队，并特别标出周末负责处理紧急故障的联系人,0.000000,通过,synthetic://SYN-0094.wav,476dfe4d438ea286271524cd3dad1174cb1b77986c21e11584abde51a911076f,SYN-0094
SYN-0095,车载/语音助手交互,设备控制,inputs/SYN-0095.json,"{""type"":""synthetic_audio_fixture"",""path"":""inputs/SYN-0095.json"",""source_id"":""synthetic://SYN-0095.wav"",""data_classification"":""synthetic_engineering_validation"",""subscene_type"":""设备控制"",""fixture_variant"":""device_control"",""dialogue_turns"":""-""}","{""duration_ms"":1600,""sample_rate"":16000,""channels"":1,""format"":""wav"",""language"":""普通话"",""speaker_count"":1,""signal_conditions"":[""synthetic"",""clean""]}",普通话,"{""synthetic"":true,""data_classification"":""synthetic_engineering_validation"",""validation_scope"":""synthetic_engineering_validation"",""capability_chain"":""C03"",""source_sha256"":""4861f00f47623adc44829c0bf23ea4fc71c98cf680c322147e45bce95e1995ae"",""fixture_variant"":""device_control""}",车载/语音助手交互,设备控制,C03,语音识别|语义理解|对话生成,"{""transcript"":""打开主卧窗户"",""translation"":""-"",""intent"":""设备控制"",""slots"":{""设备"":""窗户"",""位置"":""主卧""},""expected_action"":""open"",""expected_reply"":""已打开主卧窗户"",""translation_context"":""-"",""annotation_version"":""fixture-2.0""}",打开主卧窗户,"{""transcript"":""打开主卧"",""translation"":""-"",""intent"":""设备控制"",""slots"":{""设备"":""窗户"",""位置"":""主卧""},""action"":""open"",""reply"":""已打开主卧窗户"",""model_version"":""deterministic-fixture-2.0"",""run_id"":""RUN-SYN-0095""}",打开主卧,0.333333,失败,synthetic://SYN-0095.wav,4861f00f47623adc44829c0bf23ea4fc71c98cf680c322147e45bce95e1995ae,SYN-0095
SYN-0096,车载/语音助手交互,信息查询/多轮任务,inputs/SYN-0096.json,"{""type"":""synthetic_audio_fixture"",""path"":""inputs/SYN-0096.json"",""source_id"":""synthetic://SYN-0096.wav"",""data_classification"":""synthetic_engineering_validation"",""subscene_type"":""信息查询/多轮任务"",""fixture_variant"":""multi_turn_query"",""dialogue_turns"":[{""轮次"":1,""角色"":""用户"",""内容"":""我想了解济南的安排。""},{""轮次"":2,""角色"":""系统"",""内容"":""好的，请问你想查询什么？""},{""轮次"":3,""角色"":""用户"",""内容"":""请查询下周三济南的汇率信息""}]}","{""duration_ms"":1700,""sample_rate"":16000,""channels"":1,""format"":""wav"",""language"":""普通话"",""speaker_count"":1,""signal_conditions"":[""synthetic"",""clean""]}",普通话,"{""synthetic"":true,""data_classification"":""synthetic_engineering_validation"",""validation_scope"":""synthetic_engineering_validation"",""capability_chain"":""C03"",""source_sha256"":""f743c641efb9ca9a18be52077e430d6ccced13bb16f7f2085546e0ae85719723"",""fixture_variant"":""multi_turn_query""}",车载/语音助手交互,信息查询/多轮任务,C03,语音识别|语义理解|对话生成,"{""transcript"":""请查询下周三济南的汇率信息"",""translation"":""-"",""intent"":""信息查询"",""slots"":{""地点"":""济南"",""日期"":""下周三""},""expected_action"":""query_exchange_rate"",""expected_reply"":""济南下周三记录的美元汇率为7.12"",""translation_context"":""-"",""annotation_version"":""fixture-2.0""}",请查询下周三济南的汇率信息,"{""transcript"":""请查"",""translation"":""-"",""intent"":""信息查询"",""slots"":{""地点"":""济南"",""日期"":""下周三""},""action"":""query_exchange_rate"",""reply"":""济南下周三记录的美元汇率为7.12"",""model_version"":""deterministic-fixture-2.0"",""run_id"":""RUN-SYN-0096""}",请查,0.846154,失败,synthetic://SYN-0096.wav,f743c641efb9ca9a18be52077e430d6ccced13bb16f7f2085546e0ae85719723,SYN-0096
SYN-0097,短语音/录音转写,普通话口述,inputs/SYN-0097.json,"{""type"":""synthetic_audio_fixture"",""path"":""inputs/SYN-0097.json"",""source_id"":""synthetic://SYN-0097.wav"",""data_classification"":""synthetic_engineering_validation"",""subscene_type"":""普通话口述"",""fixture_variant"":""clean_mandarin"",""dialogue_turns"":""-""}","{""duration_ms"":1800,""sample_rate"":16000,""channels"":1,""format"":""wav"",""language"":""普通话"",""speaker_count"":1,""signal_conditions"":[""synthetic"",""clean""]}",普通话,"{""synthetic"":true,""data_classification"":""synthetic_engineering_validation"",""validation_scope"":""synthetic_engineering_validation"",""capability_chain"":""C01"",""source_sha256"":""ad730739cba1a3ae4d5e4e3908116982a6a7592a317f8db8192a1ff231e5d75b"",""fixture_variant"":""clean_mandarin""}",短语音/录音转写,普通话口述,C01,语音识别,"{""transcript"":""帮我查找上个月的出差报销单"",""translation"":""-"",""intent"":""-"",""slots"":""-"",""expected_action"":""-"",""expected_reply"":""-"",""translation_context"":""-"",""annotation_version"":""fixture-2.0""}",帮我查找上个月的出差报销单,"{""transcript"":""帮我查找上个月的出差报销单"",""translation"":""-"",""intent"":""-"",""slots"":""-"",""action"":""-"",""reply"":""-"",""model_version"":""deterministic-fixture-2.0"",""run_id"":""RUN-SYN-0097""}",帮我查找上个月的出差报销单,0.000000,通过,synthetic://SYN-0097.wav,ad730739cba1a3ae4d5e4e3908116982a6a7592a317f8db8192a1ff231e5d75b,SYN-0097
SYN-0098,短语音/录音转写,噪声/数字英文混合,inputs/SYN-0098.json,"{""type"":""synthetic_audio_fixture"",""path"":""inputs/SYN-0098.json"",""source_id"":""synthetic://SYN-0098.wav"",""data_classification"":""synthetic_engineering_validation"",""subscene_type"":""噪声/数字英文混合"",""fixture_variant"":""noise_mixed_alphanumeric"",""dialogue_turns"":""-""}","{""duration_ms"":1900,""sample_rate"":16000,""channels"":1,""format"":""wav"",""language"":""普通话"",""speaker_count"":1,""signal_conditions"":[""synthetic"",""noise"",""mixed_alphanumeric""]}",普通话,"{""synthetic"":true,""data_classification"":""synthetic_engineering_validation"",""validation_scope"":""synthetic_engineering_validation"",""capability_chain"":""C01"",""source_sha256"":""b08ef63d8cb54af3ff47bcbc77166891b2849c8713ca4d15c9c26bad9baf94f4"",""fixture_variant"":""noise_mixed_alphanumeric""}",短语音/录音转写,噪声/数字英文混合,C01,语音识别,"{""transcript"":""把油价记录为每升 8.19 元"",""translation"":""-"",""intent"":""-"",""slots"":""-"",""expected_action"":""-"",""expected_reply"":""-"",""translation_context"":""-"",""annotation_version"":""fixture-2.0""}",把油价记录为每升 8.19 元,"{""transcript"":""把油价记录为每升 8.19 "",""translation"":""-"",""intent"":""-"",""slots"":""-"",""action"":""-"",""reply"":""-"",""model_version"":""deterministic-fixture-2.0"",""run_id"":""RUN-SYN-0098""}",把油价记录为每升 8.19 ,0.083333,通过,synthetic://SYN-0098.wav,b08ef63d8cb54af3ff47bcbc77166891b2849c8713ca4d15c9c26bad9baf94f4,SYN-0098
SYN-0099,会议/办公语音翻译,短句语翻,inputs/SYN-0099.json,"{""type"":""synthetic_audio_fixture"",""path"":""inputs/SYN-0099.json"",""source_id"":""synthetic://SYN-0099.wav"",""data_classification"":""synthetic_engineering_validation"",""subscene_type"":""短句语翻"",""fixture_variant"":""short_translation"",""dialogue_turns"":""-""}","{""duration_ms"":2000,""sample_rate"":16000,""channels"":1,""format"":""wav"",""language"":""普通话"",""speaker_count"":1,""signal_conditions"":[""synthetic"",""clean""]}",普通话,"{""synthetic"":true,""data_classification"":""synthetic_engineering_validation"",""validation_scope"":""synthetic_engineering_validation"",""capability_chain"":""C02"",""source_sha256"":""ec45e6ba50f39b444cd2ce94b20f7ccae03c208edae817f70bf2acc505a48b0b"",""fixture_variant"":""short_translation""}",会议/办公语音翻译,短句语翻,C02,语音识别|机器翻译,"{""transcript"":""查找负责人的邮箱"",""translation"":""Find the owner's email address"",""intent"":""-"",""slots"":""-"",""expected_action"":""-"",""expected_reply"":""-"",""translation_context"":""-"",""annotation_version"":""fixture-2.0""}",查找负责人的邮箱,"{""transcript"":""查找负责人的"",""translation"":""Find the owner's email address"",""intent"":""-"",""slots"":""-"",""action"":""-"",""reply"":""-"",""model_version"":""deterministic-fixture-2.0"",""run_id"":""RUN-SYN-0099""}",查找负责人的,0.250000,失败,synthetic://SYN-0099.wav,ec45e6ba50f39b444cd2ce94b20f7ccae03c208edae817f70bf2acc505a48b0b,SYN-0099
SYN-0100,会议/办公语音翻译,长句/上下文翻译,inputs/SYN-0100.json,"{""type"":""synthetic_audio_fixture"",""path"":""inputs/SYN-0100.json"",""source_id"":""synthetic://SYN-0100.wav"",""data_classification"":""synthetic_engineering_validation"",""subscene_type"":""长句/上下文翻译"",""fixture_variant"":""long_context_translation"",""dialogue_turns"":[{""轮次"":1,""角色"":""主持人"",""内容"":""上下文：报销审核规则""},{""轮次"":2,""角色"":""用户"",""内容"":""在提交报销前检查发票抬头和金额是否一致，发现缺少附件时先退回申请而不要直接通过。""}]}","{""duration_ms"":1200,""sample_rate"":16000,""channels"":1,""format"":""wav"",""language"":""普通话"",""speaker_count"":1,""signal_conditions"":[""synthetic"",""clean""]}",普通话,"{""synthetic"":true,""data_classification"":""synthetic_engineering_validation"",""validation_scope"":""synthetic_engineering_validation"",""capability_chain"":""C02"",""source_sha256"":""d7ca1e4f6e767a8b9b455fa8d2fcbdb5bf96ccac4050f5073f2911ac0f57063c"",""fixture_variant"":""long_context_translation""}",会议/办公语音翻译,长句/上下文翻译,C02,语音识别|机器翻译,"{""transcript"":""在提交报销前检查发票抬头和金额是否一致，发现缺少附件时先退回申请而不要直接通过。"",""translation"":""Before submitting reimbursement, check that the invoice title and amount match; if an attachment is missing, return the request instead of approving it directly."",""intent"":""-"",""slots"":""-"",""expected_action"":""-"",""expected_reply"":""-"",""translation_context"":""报销审核规则"",""annotation_version"":""fixture-2.0""}",在提交报销前检查发票抬头和金额是否一致，发现缺少附件时先退回申请而不要直接通过。,"{""transcript"":""在提"",""translation"":""Before submitting reimbursement, check that the invoice title and amount match; if an attachment is missing, return the request instead of approving it directly."",""intent"":""-"",""slots"":""-"",""action"":""-"",""reply"":""-"",""model_version"":""deterministic-fixture-2.0"",""run_id"":""RUN-SYN-0100""}",在提,0.947368,失败,synthetic://SYN-0100.wav,d7ca1e4f6e767a8b9b455fa8d2fcbdb5bf96ccac4050f5073f2911ac0f57063c,SYN-0100
SYN-0101,车载/语音助手交互,设备控制,inputs/SYN-0101.json,"{""type"":""synthetic_audio_fixture"",""path"":""inputs/SYN-0101.json"",""source_id"":""synthetic://SYN-0101.wav"",""data_classification"":""synthetic_engineering_validation"",""subscene_type"":""设备控制"",""fixture_variant"":""device_control"",""dialogue_turns"":""-""}","{""duration_ms"":1300,""sample_rate"":16000,""channels"":1,""format"":""wav"",""language"":""普通话"",""speaker_count"":1,""signal_conditions"":[""synthetic"",""clean""]}",普通话,"{""synthetic"":true,""data_classification"":""synthetic_engineering_validation"",""validation_scope"":""synthetic_engineering_validation"",""capability_chain"":""C03"",""source_sha256"":""f8e61669f25be4d3dd770f4176d98d9ba47a1040960523c5fceb590f161e4d93"",""fixture_variant"":""device_control""}",车载/语音助手交互,设备控制,C03,语音识别|语义理解|对话生成,"{""transcript"":""启动儿童房空气净化器"",""translation"":""-"",""intent"":""设备控制"",""slots"":{""设备"":""空气净化器"",""位置"":""儿童房""},""expected_action"":""turn_on"",""expected_reply"":""已启动儿童房空气净化器"",""translation_context"":""-"",""annotation_version"":""fixture-2.0""}",启动儿童房空气净化器,"{""transcript"":""启动儿童房空气净化器"",""translation"":""-"",""intent"":""设备控制"",""slots"":{""设备"":""空气净化器"",""位置"":""儿童房""},""action"":""turn_on"",""reply"":""已启动儿童房空气净化器"",""model_version"":""deterministic-fixture-2.0"",""run_id"":""RUN-SYN-0101""}",启动儿童房空气净化器,0.000000,通过,synthetic://SYN-0101.wav,f8e61669f25be4d3dd770f4176d98d9ba47a1040960523c5fceb590f161e4d93,SYN-0101
SYN-0102,车载/语音助手交互,信息查询/多轮任务,inputs/SYN-0102.json,"{""type"":""synthetic_audio_fixture"",""path"":""inputs/SYN-0102.json"",""source_id"":""synthetic://SYN-0102.wav"",""data_classification"":""synthetic_engineering_validation"",""subscene_type"":""信息查询/多轮任务"",""fixture_variant"":""multi_turn_query"",""dialogue_turns"":[{""轮次"":1,""角色"":""用户"",""内容"":""我想了解福州的安排。""},{""轮次"":2,""角色"":""系统"",""内容"":""好的，请问你想查询什么？""},{""轮次"":3,""角色"":""用户"",""内容"":""请查询明晚福州的用电信息""}]}","{""duration_ms"":1400,""sample_rate"":16000,""channels"":1,""format"":""wav"",""language"":""普通话"",""speaker_count"":1,""signal_conditions"":[""synthetic"",""clean""]}",普通话,"{""synthetic"":true,""data_classification"":""synthetic_engineering_validation"",""validation_scope"":""synthetic_engineering_validation"",""capability_chain"":""C03"",""source_sha256"":""84a0370cf4dbf2c2e8d580c59a5baf7604fbc0702166224b895d24e8315710d9"",""fixture_variant"":""multi_turn_query""}",车载/语音助手交互,信息查询/多轮任务,C03,语音识别|语义理解|对话生成,"{""transcript"":""请查询明晚福州的用电信息"",""translation"":""-"",""intent"":""信息查询"",""slots"":{""地点"":""福州"",""日期"":""明晚""},""expected_action"":""query_energy"",""expected_reply"":""福州明晚预计用电量为12度"",""translation_context"":""-"",""annotation_version"":""fixture-2.0""}",请查询明晚福州的用电信息,"{""transcript"":""请查询明晚福州的用电信"",""translation"":""-"",""intent"":""信息查询"",""slots"":{""地点"":""福州"",""日期"":""明晚""},""action"":""query_energy"",""reply"":""福州明晚预计用电量为12度"",""model_version"":""deterministic-fixture-2.0"",""run_id"":""RUN-SYN-0102""}",请查询明晚福州的用电信,0.083333,通过,synthetic://SYN-0102.wav,84a0370cf4dbf2c2e8d580c59a5baf7604fbc0702166224b895d24e8315710d9,SYN-0102
SYN-0103,短语音/录音转写,普通话口述,inputs/SYN-0103.json,"{""type"":""synthetic_audio_fixture"",""path"":""inputs/SYN-0103.json"",""source_id"":""synthetic://SYN-0103.wav"",""data_classification"":""synthetic_engineering_validation"",""subscene_type"":""普通话口述"",""fixture_variant"":""clean_mandarin"",""dialogue_turns"":""-""}","{""duration_ms"":1500,""sample_rate"":16000,""channels"":1,""format"":""wav"",""language"":""普通话"",""speaker_count"":1,""signal_conditions"":[""synthetic"",""clean""]}",普通话,"{""synthetic"":true,""data_classification"":""synthetic_engineering_validation"",""validation_scope"":""synthetic_engineering_validation"",""capability_chain"":""C01"",""source_sha256"":""cdca79be8a415625a8cb9344b2b31fc34f2c10dbfeeb40e40749e11235079411"",""fixture_variant"":""clean_mandarin""}",短语音/录音转写,普通话口述,C01,语音识别,"{""transcript"":""请把今天的待办事项按优先级排列"",""translation"":""-"",""intent"":""-"",""slots"":""-"",""expected_action"":""-"",""expected_reply"":""-"",""translation_context"":""-"",""annotation_version"":""fixture-2.0""}",请把今天的待办事项按优先级排列,"{""transcript"":""请把今天的待办事项按优先级"",""translation"":""-"",""intent"":""-"",""slots"":""-"",""action"":""-"",""reply"":""-"",""model_version"":""deterministic-fixture-2.0"",""run_id"":""RUN-SYN-0103""}",请把今天的待办事项按优先级,0.133333,需关注,synthetic://SYN-0103.wav,cdca79be8a415625a8cb9344b2b31fc34f2c10dbfeeb40e40749e11235079411,SYN-0103
SYN-0104,短语音/录音转写,噪声/数字英文混合,inputs/SYN-0104.json,"{""type"":""synthetic_audio_fixture"",""path"":""inputs/SYN-0104.json"",""source_id"":""synthetic://SYN-0104.wav"",""data_classification"":""synthetic_engineering_validation"",""subscene_type"":""噪声/数字英文混合"",""fixture_variant"":""noise_mixed_alphanumeric"",""dialogue_turns"":""-""}","{""duration_ms"":1600,""sample_rate"":16000,""channels"":1,""format"":""wav"",""language"":""普通话"",""speaker_count"":1,""signal_conditions"":[""synthetic"",""noise"",""mixed_alphanumeric""]}",普通话,"{""synthetic"":true,""data_classification"":""synthetic_engineering_validation"",""validation_scope"":""synthetic_engineering_validation"",""capability_chain"":""C01"",""source_sha256"":""171308aa9bad6dff70c7600448d007b06079123c01c61e609b450d8f6baab4fc"",""fixture_variant"":""noise_mixed_alphanumeric""}",短语音/录音转写,噪声/数字英文混合,C01,语音识别,"{""transcript"":""请把文件夹命名为 meeting_08"",""translation"":""-"",""intent"":""-"",""slots"":""-"",""expected_action"":""-"",""expected_reply"":""-"",""translation_context"":""-"",""annotation_version"":""fixture-2.0""}",请把文件夹命名为 meeting_08,"{""transcript"":""请把"",""translation"":""-"",""intent"":""-"",""slots"":""-"",""action"":""-"",""reply"":""-"",""model_version"":""deterministic-fixture-2.0"",""run_id"":""RUN-SYN-0104""}",请把,0.882353,失败,synthetic://SYN-0104.wav,171308aa9bad6dff70c7600448d007b06079123c01c61e609b450d8f6baab4fc,SYN-0104
SYN-0105,会议/办公语音翻译,短句语翻,inputs/SYN-0105.json,"{""type"":""synthetic_audio_fixture"",""path"":""inputs/SYN-0105.json"",""source_id"":""synthetic://SYN-0105.wav"",""data_classification"":""synthetic_engineering_validation"",""subscene_type"":""短句语翻"",""fixture_variant"":""short_translation"",""dialogue_turns"":""-""}","{""duration_ms"":1700,""sample_rate"":16000,""channels"":1,""format"":""wav"",""language"":""普通话"",""speaker_count"":1,""signal_conditions"":[""synthetic"",""clean""]}",普通话,"{""synthetic"":true,""data_classification"":""synthetic_engineering_validation"",""validation_scope"":""synthetic_engineering_validation"",""capability_chain"":""C02"",""source_sha256"":""dd7b70e7f7eee3082bbfd17f6453e76e28bcc1a189c15f48770bd68caf772240"",""fixture_variant"":""short_translation""}",会议/办公语音翻译,短句语翻,C02,语音识别|机器翻译,"{""transcript"":""把附件下载到桌面"",""translation"":""Download the attachment to the desktop"",""intent"":""-"",""slots"":""-"",""expected_action"":""-"",""expected_reply"":""-"",""translation_context"":""-"",""annotation_version"":""fixture-2.0""}",把附件下载到桌面,"{""transcript"":""把附件下载到桌面"",""translation"":""Download the attachment to the desktop"",""intent"":""-"",""slots"":""-"",""action"":""-"",""reply"":""-"",""model_version"":""deterministic-fixture-2.0"",""run_id"":""RUN-SYN-0105""}",把附件下载到桌面,0.000000,通过,synthetic://SYN-0105.wav,dd7b70e7f7eee3082bbfd17f6453e76e28bcc1a189c15f48770bd68caf772240,SYN-0105
SYN-0106,会议/办公语音翻译,长句/上下文翻译,inputs/SYN-0106.json,"{""type"":""synthetic_audio_fixture"",""path"":""inputs/SYN-0106.json"",""source_id"":""synthetic://SYN-0106.wav"",""data_classification"":""synthetic_engineering_validation"",""subscene_type"":""长句/上下文翻译"",""fixture_variant"":""long_context_translation"",""dialogue_turns"":[{""轮次"":1,""角色"":""主持人"",""内容"":""上下文：访客名单核验""},{""轮次"":2,""角色"":""用户"",""内容"":""请把访客名单与门卫登记表逐项核对，确认没有重复姓名后再发送给接待同事。""}]}","{""duration_ms"":1800,""sample_rate"":16000,""channels"":1,""format"":""wav"",""language"":""普通话"",""speaker_count"":1,""signal_conditions"":[""synthetic"",""clean""]}",普通话,"{""synthetic"":true,""data_classification"":""synthetic_engineering_validation"",""validation_scope"":""synthetic_engineering_validation"",""capability_chain"":""C02"",""source_sha256"":""e023763e3b9e2ccc43c92b2e2ce7fd2b0a64e70610f185c6551825dc9fd6bc1f"",""fixture_variant"":""long_context_translation""}",会议/办公语音翻译,长句/上下文翻译,C02,语音识别|机器翻译,"{""transcript"":""请把访客名单与门卫登记表逐项核对，确认没有重复姓名后再发送给接待同事。"",""translation"":""Compare the visitor list with the guard's registration form item by item, and send it to the reception colleague only after confirming there are no duplicate names."",""intent"":""-"",""slots"":""-"",""expected_action"":""-"",""expected_reply"":""-"",""translation_context"":""访客名单核验"",""annotation_version"":""fixture-2.0""}",请把访客名单与门卫登记表逐项核对，确认没有重复姓名后再发送给接待同事。,"{""transcript"":""请把访客名单与门卫登记表逐项核对，确认没有重复姓名后再发送给接待同事"",""translation"":""Compare the visitor list with the guard's registration form item by item, and send it to the reception colleague only after confirming there are no duplicate names."",""intent"":""-"",""slots"":""-"",""action"":""-"",""reply"":""-"",""model_version"":""deterministic-fixture-2.0"",""run_id"":""RUN-SYN-0106""}",请把访客名单与门卫登记表逐项核对，确认没有重复姓名后再发送给接待同事,0.000000,通过,synthetic://SYN-0106.wav,e023763e3b9e2ccc43c92b2e2ce7fd2b0a64e70610f185c6551825dc9fd6bc1f,SYN-0106
SYN-0107,车载/语音助手交互,设备控制,inputs/SYN-0107.json,"{""type"":""synthetic_audio_fixture"",""path"":""inputs/SYN-0107.json"",""source_id"":""synthetic://SYN-0107.wav"",""data_classification"":""synthetic_engineering_validation"",""subscene_type"":""设备控制"",""fixture_variant"":""device_control"",""dialogue_turns"":""-""}","{""duration_ms"":1900,""sample_rate"":16000,""channels"":1,""format"":""wav"",""language"":""普通话"",""speaker_count"":1,""signal_conditions"":[""synthetic"",""clean""]}",普通话,"{""synthetic"":true,""data_classification"":""synthetic_engineering_validation"",""validation_scope"":""synthetic_engineering_validation"",""capability_chain"":""C03"",""source_sha256"":""d3873e6948889e59fcfc9736b5137cecfae52b85f70476453403c6bc8c8492a2"",""fixture_variant"":""device_control""}",车载/语音助手交互,设备控制,C03,语音识别|语义理解|对话生成,"{""transcript"":""关闭厨房排风扇"",""translation"":""-"",""intent"":""设备控制"",""slots"":{""设备"":""排风扇"",""位置"":""厨房""},""expected_action"":""turn_off"",""expected_reply"":""已关闭厨房排风扇"",""translation_context"":""-"",""annotation_version"":""fixture-2.0""}",关闭厨房排风扇,"{""transcript"":""关闭厨房排"",""translation"":""-"",""intent"":""设备控制"",""slots"":{""设备"":""排风扇"",""位置"":""厨房""},""action"":""turn_off"",""reply"":""已关闭厨房排风扇"",""model_version"":""deterministic-fixture-2.0"",""run_id"":""RUN-SYN-0107""}",关闭厨房排,0.285714,失败,synthetic://SYN-0107.wav,d3873e6948889e59fcfc9736b5137cecfae52b85f70476453403c6bc8c8492a2,SYN-0107
SYN-0108,车载/语音助手交互,信息查询/多轮任务,inputs/SYN-0108.json,"{""type"":""synthetic_audio_fixture"",""path"":""inputs/SYN-0108.json"",""source_id"":""synthetic://SYN-0108.wav"",""data_classification"":""synthetic_engineering_validation"",""subscene_type"":""信息查询/多轮任务"",""fixture_variant"":""multi_turn_query"",""dialogue_turns"":[{""轮次"":1,""角色"":""用户"",""内容"":""我想了解昆明的安排。""},{""轮次"":2,""角色"":""系统"",""内容"":""好的，请问你想查询什么？""},{""轮次"":3,""角色"":""用户"",""内容"":""请查询周日昆明的跑步路线信息""}]}","{""duration_ms"":2000,""sample_rate"":16000,""channels"":1,""format"":""wav"",""language"":""普通话"",""speaker_count"":1,""signal_conditions"":[""synthetic"",""clean""]}",普通话,"{""synthetic"":true,""data_classification"":""synthetic_engineering_validation"",""validation_scope"":""synthetic_engineering_validation"",""capability_chain"":""C03"",""source_sha256"":""39a26db124e4b784f4275eadd48fede539608f2f3680f8b6ce18498e9bda1011"",""fixture_variant"":""multi_turn_query""}",车载/语音助手交互,信息查询/多轮任务,C03,语音识别|语义理解|对话生成,"{""transcript"":""请查询周日昆明的跑步路线信息"",""translation"":""-"",""intent"":""信息查询"",""slots"":{""地点"":""昆明"",""日期"":""周日""},""expected_action"":""query_route"",""expected_reply"":""昆明周日有一条已保存跑步路线"",""translation_context"":""-"",""annotation_version"":""fixture-2.0""}",请查询周日昆明的跑步路线信息,"{""transcript"":""请查"",""translation"":""-"",""intent"":""信息查询"",""slots"":{""地点"":""昆明"",""日期"":""周日""},""action"":""query_route"",""reply"":""昆明周日有一条已保存跑步路线"",""model_version"":""deterministic-fixture-2.0"",""run_id"":""RUN-SYN-0108""}",请查,0.857143,失败,synthetic://SYN-0108.wav,39a26db124e4b784f4275eadd48fede539608f2f3680f8b6ce18498e9bda1011,SYN-0108
SYN-0109,短语音/录音转写,普通话口述,inputs/SYN-0109.json,"{""type"":""synthetic_audio_fixture"",""path"":""inputs/SYN-0109.json"",""source_id"":""synthetic://SYN-0109.wav"",""data_classification"":""synthetic_engineering_validation"",""subscene_type"":""普通话口述"",""fixture_variant"":""clean_mandarin"",""dialogue_turns"":""-""}","{""duration_ms"":1200,""sample_rate"":16000,""channels"":1,""format"":""wav"",""language"":""普通话"",""speaker_count"":1,""signal_conditions"":[""synthetic"",""clean""]}",普通话,"{""synthetic"":true,""data_classification"":""synthetic_engineering_validation"",""validation_scope"":""synthetic_engineering_validation"",""capability_chain"":""C01"",""source_sha256"":""84a85effa6263824146e8b82bd024bd8d165954850055dec7ecd9c8137fd9710"",""fixture_variant"":""clean_mandarin""}",短语音/录音转写,普通话口述,C01,语音识别,"{""transcript"":""把卧室的加湿器设为自动模式"",""translation"":""-"",""intent"":""-"",""slots"":""-"",""expected_action"":""-"",""expected_reply"":""-"",""translation_context"":""-"",""annotation_version"":""fixture-2.0""}",把卧室的加湿器设为自动模式,"{""transcript"":""把卧室的加湿器设为自动模式"",""translation"":""-"",""intent"":""-"",""slots"":""-"",""action"":""-"",""reply"":""-"",""model_version"":""deterministic-fixture-2.0"",""run_id"":""RUN-SYN-0109""}",把卧室的加湿器设为自动模式,0.000000,通过,synthetic://SYN-0109.wav,84a85effa6263824146e8b82bd024bd8d165954850055dec7ecd9c8137fd9710,SYN-0109
SYN-0110,短语音/录音转写,噪声/数字英文混合,inputs/SYN-0110.json,"{""type"":""synthetic_audio_fixture"",""path"":""inputs/SYN-0110.json"",""source_id"":""synthetic://SYN-0110.wav"",""data_classification"":""synthetic_engineering_validation"",""subscene_type"":""噪声/数字英文混合"",""fixture_variant"":""noise_mixed_alphanumeric"",""dialogue_turns"":""-""}","{""duration_ms"":1300,""sample_rate"":16000,""channels"":1,""format"":""wav"",""language"":""普通话"",""speaker_count"":1,""signal_conditions"":[""synthetic"",""noise"",""mixed_alphanumeric""]}",普通话,"{""synthetic"":true,""data_classification"":""synthetic_engineering_validation"",""validation_scope"":""synthetic_engineering_validation"",""capability_chain"":""C01"",""source_sha256"":""429019fccf13d4b0c9a8a999cb6817680866e0ffdfeb0d7cbd982f1e57fd471b"",""fixture_variant"":""noise_mixed_alphanumeric""}",短语音/录音转写,噪声/数字英文混合,C01,语音识别,"{""transcript"":""设备 SN-16A7 的固件升级到 4.2"",""translation"":""-"",""intent"":""-"",""slots"":""-"",""expected_action"":""-"",""expected_reply"":""-"",""translation_context"":""-"",""annotation_version"":""fixture-2.0""}",设备 SN-16A7 的固件升级到 4.2,"{""transcript"":""设备 SN-16A7 的固件升级到 4."",""translation"":""-"",""intent"":""-"",""slots"":""-"",""action"":""-"",""reply"":""-"",""model_version"":""deterministic-fixture-2.0"",""run_id"":""RUN-SYN-0110""}",设备 SN-16A7 的固件升级到 4.,0.062500,通过,synthetic://SYN-0110.wav,429019fccf13d4b0c9a8a999cb6817680866e0ffdfeb0d7cbd982f1e57fd471b,SYN-0110
